"Index","Open","High","Low","Close","Volume"
"1970-01-02",77.2,77.25,76.25,76.35,254
"1970-01-03",76.45,77.05,75.7,75.7,182
"1970-01-04",76.65,78.7,76.25,78.7,594
"1970-01-05",80.05,80.45,78.95,80.35,1029
"1970-01-06",78.45,78.45,77.35,77.35,972
"1970-01-07",75.45,75.75,74.45,74.5,693
"1970-01-08",74.45,75.35,74.45,74.45,373
"1970-01-09",74.2,74.8,74.2,74.65,273
"1970-01-10",75.15,75.15,74.75,75,165
"1970-01-11",74.8,75.35,74.8,75.15,173
"1970-01-12",75.45,76.3,75.4,76,382
"1970-01-13",75.9,77.75,75.9,77.65,316
"1970-01-14",77.15,77.15,75.8,76.2,219
"1970-01-15",76.05,76.35,76,76.3,103
"1970-01-16",75.95,76.2,75.5,76.05,152
"1970-01-17",75.3,75.85,75.1,75.55,107
"1970-01-18",75.35,76.55,75.35,76,129
"1970-01-19",76.45,76.7,76.2,76.55,53
"1970-01-20",76.55,76.55,76,76.3,35
"1970-01-21",76.85,76.85,76.45,76.55,48
"1970-01-22",76.6,77.25,76.5,77.25,169
"1970-01-23",77.45,77.8,77.25,77.75,182
"1970-01-24",78.3,78.65,78,78,186
"1970-01-25",78.35,78.7,78.35,78.65,381
"1970-01-26",78.3,78.6,78.05,78.5,102
"1970-01-27",78.3,78.65,78.3,78.55,85
"1970-01-28",78.85,79.2,78.2,78.25,87
"1970-01-29",78.3,78.3,77.65,77.9,52
"1970-01-30",77.9,78.45,77.8,78.45,38
"1970-01-31",78.5,78.7,78.05,78.15,32
"1970-02-01",78,78.9,78,78.9,132
"1970-02-02",79.2,79.6,78.95,79.05,121
"1970-02-03",78.5,79,78.35,78.7,20
"1970-02-04",78.8,78.8,78.6,78.6,38
"1970-02-05",78.75,78.75,78.4,78.5,124
"1970-02-06",78.65,78.65,77.75,77.75,42
"1970-02-07",77.6,77.95,77.35,77.4,127
"1970-02-08",77.8,77.8,77.25,77.55,48
"1970-02-09",77.7,78.15,77.7,77.9,40
"1970-02-10",77.6,77.8,77.25,77.4,56
"1970-02-11",77.2,77.2,76.6,76.6,135
"1970-02-12",76.5,76.7,76.25,76.5,246
"1970-02-13",76.35,76.35,76,76,164
"1970-02-14",75.85,76.55,75.85,76.55,90
"1970-02-15",76.9,77.35,76.8,77.2,154
"1970-02-16",77.45,77.5,76.85,76.85,60
"1970-02-17",76.95,77.5,76.95,77.35,84
"1970-02-18",77.4,77.4,77,77.05,128
"1970-02-19",77,77.55,77,77.5,139
"1970-02-20",77.75,77.85,77.55,77.55,109
"1970-02-21",77.4,78,77.15,77.15,191
"1970-02-22",77.15,77.15,76.85,76.85,31
"1970-02-23",76.7,76.85,76.7,76.7,23
"1970-02-24",76.75,77.05,76.75,76.95,34
"1970-02-25",76.95,77.05,76.75,76.75,36
"1970-02-26",76.65,76.65,76.1,76.15,91
"1970-02-27",76.1,76.15,75.45,75.55,176
"1970-02-28",75.6,75.95,75.6,75.7,102
"1970-03-01",75.85,76.1,75.85,76.1,30
"1970-03-02",76.1,76.7,76.1,76.65,55
"1970-03-03",76.7,76.9,76.2,76.4,82
"1970-03-04",76.35,76.35,75.55,75.8,83
"1970-03-05",75.45,76.25,75.4,76.2,41
"1970-03-06",76.05,76.05,75.05,75.05,106
"1970-03-07",75.15,75.3,75.05,75.05,55
"1970-03-08",75.2,75.2,74.45,74.45,127
"1970-03-09",74.35,74.9,74.35,74.55,40
"1970-03-10",74.15,74.15,73.25,73.35,167
"1970-03-11",73.45,73.75,73.35,73.35,130
"1970-03-12",73.55,74.05,73.55,73.75,18
"1970-03-13",73.65,73.8,73.65,73.8,15
"1970-03-14",73.95,73.95,73.35,73.35,92
"1970-03-15",73.35,73.75,73.3,73.65,60
"1970-03-16",73.95,74.4,73.85,73.85,34
"1970-03-17",74.05,74.05,73.7,73.7,33
"1970-03-18",73.45,73.6,73.3,73.35,26
"1970-03-19",73.55,74.45,73.55,74.2,48
"1970-03-20",73.85,74.3,73.75,73.95,32
"1970-03-21",74.05,74.05,73.2,73.3,72
"1970-03-22",73.85,73.85,73.55,73.55,44
"1970-03-23",73.3,73.65,73.3,73.5,49
"1970-03-24",73.4,73.6,73.2,73.2,59
"1970-03-25",73,73,71.8,71.85,259
"1970-03-26",72.05,72.25,71.95,72,89
"1970-03-27",72.25,72.3,71.5,71.75,137
"1970-03-28",71.65,72,71.65,71.65,52
"1970-03-29",71.65,71.65,71.25,71.5,135
"1970-03-30",71.8,72.45,71.8,72,105
"1970-03-31",72,72,71.8,71.8,12
"1970-04-01",71.6,71.6,71.3,71.45,73
"1970-04-02",71.5,71.8,71.4,71.5,68
"1970-04-03",71.8,72.3,71.6,71.6,108
"1970-04-04",71.7,72.3,71.7,71.95,36
"1970-04-05",72.1,72.25,72,72,30
"1970-04-06",71.85,71.85,71.5,71.6,61
"1970-04-07",71.65,71.9,71.65,71.75,90
"1970-04-08",71.2,71.3,71.05,71.25,64
"1970-04-09",71.05,71.2,70.8,70.85,52
"1970-04-10",70.9,71,70.5,70.55,131
"1970-04-11",70.55,70.65,70.5,70.5,45
"1970-04-12",70.8,71,70.7,70.9,28
"1970-04-13",71.2,71.85,71.2,71.6,42
"1970-04-14",71.75,71.75,71.3,71.3,25
"1970-04-15",71.55,71.75,71.55,71.6,33
"1970-04-16",71.7,71.7,70.85,70.85,33
"1970-04-17",69.75,69.75,69.15,69.3,163
"1970-04-18",70.2,70.2,68.8,68.8,98
"1970-04-19",69.25,69.5,69,69.05,66
"1970-04-20",69.4,69.6,69.15,69.15,45
"1970-04-21",69.05,69.15,67.5,67.6,99
"1970-04-22",67.75,67.75,67,67.1,88
"1970-04-23",67.1,67.4,67.1,67.3,12
"1970-04-24",67.3,67.7,67.3,67.45,22
"1970-04-25",67.3,67.45,66.7,66.7,24
"1970-04-26",66.6,67.25,66.6,66.9,38
"1970-04-27",67.3,67.5,67.2,67.2,14
"1970-04-28",67,67.3,66.25,66.25,9
"1970-04-29",66.45,66.45,63.75,63.75,32
"1970-04-30",64.8,64.8,64.5,64.75,22
"1970-05-01",64.75,64.8,64.7,64.75,35
"1970-05-02",64.75,64.9,64.75,64.75,10
"1970-05-03",64.8,65.05,64.8,64.9,16
"1970-05-04",65.05,65.6,65.05,65.5,33
"1970-05-05",65.6,65.6,65.15,65.2,42
"1970-05-06",65.05,65.35,64.9,65.35,49
"1970-05-07",64.95,65.25,64.95,65.15,20
"1970-05-08",65.3,66.15,65.25,66.15,27
"1970-05-09",66.1,67.1,66.1,66.8,90
"1970-05-10",66.7,67,66.45,67,39
"1970-05-11",67.45,68.1,66.2,66.2,129
"1970-05-12",65.6,66.55,65.6,66.3,78
"1970-05-13",66.3,67.1,66.3,66.8,45
"1970-05-14",66.9,66.9,66.3,66.3,20
"1970-05-15",66.2,66.2,65.35,65.5,31
"1970-05-16",65.25,65.35,64.95,65.3,63
"1970-05-17",64.95,65.3,64.8,64.8,86
"1970-05-18",65,65.5,64.9,64.9,23
"1970-05-19",65.35,65.7,64.85,64.85,18
"1970-05-20",64.85,65.2,64.8,64.85,20
"1970-05-21",65.1,66.5,65.1,65.7,29
"1970-05-22",66.2,66.4,66.1,66.1,18
"1970-05-23",66.2,66.4,66.2,66.2,3
"1970-05-24",66.2,66.45,66.2,66.2,14
"1970-05-25",66.2,66.2,65.7,65.7,25
"1970-05-26",65.35,65.8,65.35,65.8,8
"1970-05-27",66,66,65,65.1,59
"1970-05-28",65.1,65.65,65.1,65.2,15
"1970-05-29",65.45,65.55,65.2,65.2,42
"1970-05-30",65.7,65.7,64.7,64.7,35
"1970-05-31",64.4,64.7,64.3,64.3,24
"1970-06-01",64.8,64.8,63.4,63.4,19
"1970-06-02",63.45,63.5,63.45,63.5,5
"1970-06-03",63.8,63.8,63.6,63.6,5
"1970-06-04",63.5,63.6,63.4,63.5,26
"1970-06-05",64.1,64.1,63.55,63.55,4
"1970-06-06",63.45,63.45,63,63,19
"1970-06-07",62.95,62.95,61.95,61.95,39
"1970-06-08",61.7,61.95,61.4,61.95,30
"1970-06-09",61.75,61.85,60.75,60.95,20
"1970-06-10",60.6,60.6,60.35,60.5,20
"1970-06-11",60.35,60.5,59.75,59.75,44
"1970-06-12",59.8,59.9,59.8,59.9,6
"1970-06-13",60.1,60.1,60.1,60.1,4
"1970-06-14",60.3,60.35,60.3,60.3,3
"1970-06-15",60.75,61,60.3,60.3,16
"1970-06-16",60.3,60.3,60.2,60.2,15
"1970-06-17",60.1,60.8,60.1,60.8,19
"1970-06-18",61.55,61.65,61.3,61.3,12
"1970-06-19",61.3,61.85,61.3,61.55,14
"1970-06-20",62.1,62.1,61.75,61.75,16
"1970-06-21",61.75,61.8,61.75,61.8,11
"1970-06-22",62,62.4,62,62.1,17
"1970-06-23",61.8,62.1,61.8,62.1,2
"1970-06-24",62.7,62.7,62.45,62.45,30
"1970-06-25",62.5,63.35,62.3,62.3,34
"1970-06-26",62.3,62.4,62.1,62.1,5
"1970-06-27",62,62.5,61.9,61.9,12
"1970-06-28",62,62.35,61.2,61.2,16
"1970-06-29",61.3,61.3,60.95,61.2,16
"1970-06-30",61.55,62.15,61.5,61.95,8
"1970-07-01",62.05,62.35,62,62.35,35
"1970-07-02",62.35,62.75,62.35,62.4,6
"1970-07-03",63.2,63.2,62.7,62.7,7
"1970-07-04",62.7,63,62.7,62.7,13
"1970-07-05",63.05,63.05,62.55,62.55,78
"1970-07-06",61.65,61.65,61.65,61.65,1
"1970-07-07",61.7,62.15,61.7,62.15,14
"1970-07-08",62.2,62.45,61.7,61.7,51
"1970-07-09",61.8,62.45,61.7,61.95,14
"1970-07-10",61.9,62.1,61.6,62.1,28
"1970-07-11",62,62.1,61.95,61.95,10
"1970-07-12",61.95,61.95,61.95,61.95,1
"1970-07-13",62.3,62.45,62.2,62.2,7
"1970-07-14",62.1,62.1,61.8,61.8,34
"1970-07-15",58.8,59.2,58.8,59.2,102
"1970-07-16",58.85,58.85,57.8,58.4,96
"1970-07-17",59.1,60.2,59.1,59.45,52
"1970-07-18",59.95,60.4,59.3,59.3,17
"1970-07-19",59.85,59.85,59.85,59.85,2
"1970-07-20",60.15,60.15,58.7,58.7,4
"1970-07-21",58.6,58.75,58.6,58.75,4
"1970-07-22",59.35,59.9,59.35,59.7,41
"1970-07-23",60.3,60.4,60.1,60.2,17
"1970-07-24",60.2,60.2,59.6,59.7,15
"1970-07-25",59.4,59.6,59.2,59.2,58
"1970-07-26",59.2,59.2,59.2,59.2,11
"1970-07-27",59.45,59.45,59.3,59.3,2
"1970-07-28",59.3,59.45,59.25,59.4,17
"1970-07-29",59.3,59.3,58.65,58.85,104
"1970-07-30",58.8,59.2,58.7,58.9,75
"1970-07-31",58.95,58.95,58.3,58.5,147
"1970-08-01",58.55,58.85,58.35,58.85,131
"1970-08-02",59.05,59.45,58.95,59.3,102
"1970-08-03",59.3,59.3,58.9,59.2,74
"1970-08-04",59.45,60.05,58.75,58.85,236
"1970-08-05",58.75,59.05,58.6,58.75,57
"1970-08-06",58.65,59.15,58.65,59.15,79
"1970-08-07",59.45,59.65,59.1,59.25,63
"1970-08-08",59.3,59.35,59,59.05,44
"1970-08-09",59.05,59.05,58.05,58.25,119
"1970-08-10",58.15,58.15,57.65,58,142
"1970-08-11",57.95,57.95,57.65,57.75,98
"1970-08-12",57.75,57.95,57.7,57.85,54
"1970-08-13",58,58.5,58,58.15,88
"1970-08-14",58.7,59.2,58.7,58.8,111
"1970-08-15",58.55,58.55,57.85,58.3,79
"1970-08-16",58.35,58.6,58.1,58.3,74
"1970-08-17",58.55,58.65,58.45,58.45,55
"1970-08-18",58.65,59.35,58.6,58.65,181
"1970-08-19",58.6,58.6,58.05,58.2,100
"1970-08-20",58.35,58.4,55.2,55.2,416
"1970-08-21",55.55,55.85,54.85,54.85,194
"1970-08-22",54.8,56.15,54.8,55.6,111
"1970-08-23",54.85,55.05,54.8,55.05,94
"1970-08-24",54.45,54.45,52.85,53.45,281
"1970-08-25",53.45,54.25,53.45,54.15,134
"1970-08-26",54.5,54.5,53.85,54.15,47
"1970-08-27",54.35,54.35,53.85,53.85,19
"1970-08-28",54.35,54.55,54.2,54.35,63
"1970-08-29",55.15,55.2,54.75,55,77
"1970-08-30",55.25,55.25,54.35,54.75,85
"1970-08-31",54.35,54.45,54.15,54.15,49
"1970-09-01",54.35,54.65,53.65,53.75,61
"1970-09-02",53.35,53.35,51.85,51.95,222
"1970-09-03",51.9,52.85,51.9,52.75,92
"1970-09-04",53.25,53.35,52.45,52.45,59
"1970-09-05",52.25,52.7,52.15,52.15,53
"1970-09-06",51.75,51.75,50.95,51.25,200
"1970-09-07",51,51.1,49.35,50.2,457
"1970-09-08",50.45,50.6,49.55,49.75,166
"1970-09-09",49.85,49.85,49.55,49.55,139
"1970-09-10",49.9,50.1,49.5,49.55,166
"1970-09-11",50.15,50.9,50.15,50.4,276
"1970-09-12",49.35,49.35,48.25,48.55,331
"1970-09-13",48.6,49.05,48.35,48.75,210
"1970-09-14",48.75,49.25,48.75,49.25,109
"1970-09-15",49.55,50.25,49.55,50.15,197
"1970-09-16",53.15,53.15,51.75,53.15,641
"1970-09-17",56.15,56.15,56.15,56.15,55
"1970-09-18",59.15,59.15,59.15,59.15,60
"1970-09-19",62.15,62.15,62.15,62.15,6
"1970-09-20",65.15,65.15,65.15,65.15,473
"1970-09-21",68.15,68.15,68.15,68.15,78
"1970-09-22",71.15,71.15,71.15,71.15,66
"1970-09-23",74.15,74.15,74.15,74.15,134
"1970-09-24",77.15,77.15,77.15,77.15,114
"1970-09-25",80.15,80.15,80.15,80.15,404
"1970-09-26",79.55,81.75,77.15,81.4,608
"1970-09-27",81.05,83.35,80.85,82.25,684
"1970-09-28",82.8,82.95,80.75,81.1,432
"1970-09-29",80.85,81.1,79.35,80.75,280
"1970-09-30",82.25,82.75,81,81.65,231
"1970-10-01",81.5,81.5,80.75,81.4,115
"1970-10-02",82.55,84.4,82.55,84.4,258
"1970-10-03",84.65,87.35,84,84.05,316
"1970-10-04",81.05,81.05,81.05,81.05,66
"1970-10-05",80.25,84.05,80,84.05,283
"1970-10-06",85.55,85.75,83.9,84.7,164
"1970-10-07",84.25,85.45,83.65,84.3,103
"1970-10-08",84.05,84.85,83.4,83.5,206
"1970-10-09",82.95,82.95,80.95,82,168
"1970-10-10",82.85,84.75,82.75,83.75,183
"1970-10-11",84.25,84.4,82.85,83.25,142
"1970-10-12",82.55,82.65,82.1,82.45,164
"1970-10-13",82.8,83.55,82.8,83.25,142
"1970-10-14",83.25,83.25,82.35,82.45,95
"1970-10-15",82.45,84.85,82.45,84.45,135
"1970-10-16",84.95,85.25,84.05,84.05,261
"1970-10-17",83.9,84.85,83.6,84.8,196
"1970-10-18",85.85,86.25,85.2,85.25,429
"1970-10-19",86.25,86.35,85.45,85.7,242
"1970-10-20",86.15,88.7,86.15,88.7,374
"1970-10-21",88.05,89.65,86.95,89.65,489
"1970-10-22",89.35,89.35,86.65,87.53,437
"1970-10-23",86.35,87.15,85.5,86.3,491
"1970-10-24",86.65,87.7,86.65,86.9,380
"1970-10-25",86.95,86.95,85.65,86.9,175
"1970-10-26",86.35,87.35,86,87.15,132
"1970-10-27",87.25,87.25,85.95,86.2,168
"1970-10-28",85.95,86.2,85.5,85.9,185
"1970-10-29",86.45,86.9,86.05,86.8,180
"1970-10-30",87.95,89.8,87.85,89.75,310
"1970-10-31",90.25,90.25,89.35,90.05,293
"1970-11-01",90.55,91.45,89.4,89.45,370
"1970-11-02",89.45,89.95,88.7,89.05,193
"1970-11-03",89.4,89.4,88.65,89.3,91
"1970-11-04",89.7,89.8,88.85,89.75,112
"1970-11-05",89.7,90.25,89,90,135
"1970-11-06",90.05,90.2,89.65,89.8,135
"1970-11-07",89.25,89.45,88.75,89.35,95
"1970-11-08",90.45,91.15,90.25,90.45,205
"1970-11-09",90.25,91.35,90.25,90.95,179
"1970-11-10",90.25,90.95,90.15,90.85,99
"1970-11-11",90.95,93.65,90.95,93.35,245
"1970-11-12",93.1,93.25,92.35,92.45,227
"1970-11-13",89.45,89.45,89.45,89.45,22
"1970-11-14",86.75,90.25,86.55,88.45,430
"1970-11-15",87.65,88.45,87.4,88.25,182
"1970-11-16",87.7,88.35,87.65,87.8,129
"1970-11-17",87.55,88.25,87.55,88.2,75
"1970-11-18",88.9,89.9,88.9,89.9,156
"1970-11-19",89.85,90.35,89.45,90.35,104
"1970-11-20",90.1,91.35,90.1,91.35,177
"1970-11-21",90.95,91.45,90.45,90.6,63
"1970-11-22",91.3,91.7,89.95,90.1,146
"1970-11-23",89.85,90.45,89.15,90.2,85
"1970-11-24",89.95,89.95,89.45,89.6,69
"1970-11-25",89.6,89.6,87.9,88.65,176
"1970-11-26",88.35,89.2,88.3,88.95,25
"1970-11-27",88.6,88.95,88.5,88.95,41
"1970-11-28",90.1,90.1,89.15,89.35,189
"1970-11-29",89,89.7,88.9,89.35,142
"1970-11-30",88.95,89.45,88.95,89.2,142
"1970-12-01",89.7,90.2,89.6,89.7,268
"1970-12-02",89.4,89.65,88.95,89.2,208
"1970-12-03",89.1,90.9,88.9,90.4,253
"1970-12-04",90.7,91.45,90.6,91.4,365
"1970-12-05",91.65,94.4,91.3,93.75,681
"1970-12-06",93.3,93.3,92.3,93.2,181
"1970-12-07",93.8,94.4,93.5,94.1,182
"1970-12-08",94.05,94.1,92.7,93.4,198
"1970-12-09",93.5,94.7,93,94.2,151
"1970-12-10",94.2,94.7,93.3,93.35,260
"1970-12-11",93.6,96.3,93.6,96.2,361
"1970-12-12",95.8,96.1,94.6,96,255
"1970-12-13",96.1,96.85,95.4,96.15,145
"1970-12-14",96.05,97.45,95.45,97.25,228
"1970-12-15",96.95,98.35,96.95,98.35,218
"1970-12-16",100.2,101.35,100.2,101.35,203
"1970-12-17",101.45,104.35,100.95,104.35,289
"1970-12-18",104.2,104.2,101.35,101.35,440
"1970-12-19",101.5,103.45,100.45,103.2,234
"1970-12-20",105.7,106.2,104.7,105.4,614
"1970-12-21",104.7,104.7,102.4,102.55,356
"1970-12-22",101.75,102.75,101.7,102,179
"1970-12-23",101.9,105,101.7,104.45,232
"1970-12-24",104.9,107.45,103.7,107.45,234
"1970-12-25",108.7,108.7,107.3,107.55,222
"1970-12-26",107.45,107.6,105.3,107,76
"1970-12-27",107.4,110,107.4,110,276
"1970-12-28",109.7,112,108.8,110.2,171
"1970-12-29",109.65,111.65,109.4,109.75,52
"1970-12-30",110.6,110.6,107.5,107.5,161
"1970-12-31",107.65,109.2,107.45,108.4,31
"1971-01-01",108.5,109.8,108.5,109.6,89
"1971-01-02",109.9,109.9,108.1,108.1,86
"1971-01-03",107.7,108.45,107.7,107.7,108
"1971-01-04",107.8,107.8,104.7,104.7,333
"1971-01-05",103.2,105.7,103.2,104.2,365
"1971-01-06",104.5,105.4,104.5,105.2,143
"1971-01-07",105.05,105.7,105.05,105.6,52
"1971-01-08",105.5,105.5,104.2,104.4,54
"1971-01-09",104.35,106.15,104.2,104.6,293
"1971-01-10",105.45,107.45,105.35,106.95,285
"1971-01-11",107.9,109.95,107.9,109.3,473
"1971-01-12",109.35,109.35,106.3,106.3,389
"1971-01-13",107.25,109.3,106.95,108.85,224
"1971-01-14",109.05,109.15,107.95,108.8,340
"1971-01-15",107.65,111.8,107.65,111.8,635
"1971-01-16",110.45,114.8,110.2,114.65,803
"1971-01-17",114.95,114.95,113.15,113.35,392
"1971-01-18",113.85,113.85,111.05,112.25,325
"1971-01-19",111.85,115.2,110.95,114.45,356
"1971-01-20",114.45,114.45,113.05,114,276
"1971-01-21",114.05,114.95,113.2,113.8,271
"1971-01-22",114.2,115.7,113.5,115.6,267
"1971-01-23",115.6,118.6,115.1,118.6,456
"1971-01-24",118.35,121.6,117.45,121.55,433
"1971-01-25",121.55,122.95,120,120.2,436
"1971-01-26",120.2,122.95,119.45,122.7,301
"1971-01-27",125.2,125.7,124.45,125.7,401
"1971-01-28",128.45,128.7,127.45,128.7,199
"1971-01-29",130.45,131.65,125.7,125.7,618
"1971-01-30",123.2,125.65,123.15,125.45,229
"1971-01-31",126.45,128.45,126.45,128.45,215
"1971-02-01",131.45,131.45,131.45,131.45,149
"1971-02-02",131.95,134.45,129.45,131.5,677
"1971-02-03",131.35,132.45,128.5,128.5,561
"1971-02-04",128.5,131.5,128.5,131.15,296
"1971-02-05",132.7,134.15,131.45,134.15,365
"1971-02-06",132.45,133.95,131.15,131.15,334
"1971-02-07",128.15,128.15,128.15,128.15,48
"1971-02-08",125.15,125.15,125.15,125.15,317
"1971-02-09",125.45,128.15,125.45,128.15,376
"1971-02-10",127.65,128.75,125.15,125.95,620
"1971-02-11",124.75,125.95,122.95,122.95,129
"1971-02-12",119.95,119.95,119.95,119.95,177
"1971-02-13",121.95,122.45,117.45,120.85,620
"1971-02-14",120.45,122.45,118.6,122.4,348
"1971-02-15",121.75,123.05,120.9,122.95,300
"1971-02-16",121.2,122.95,121.2,122.65,179
"1971-02-17",120.05,122.55,120.05,121.7,131
"1971-02-18",124.7,124.7,124.45,124.7,150
"1971-02-19",125.95,126.85,124.75,125.2,157
"1971-02-20",125,125.1,123.3,124.4,566
"1971-02-21",127.1,127.4,127.1,127.4,791
"1971-02-22",126.7,130.2,126.5,130,1056
"1971-02-23",130,131.35,127.1,127.1,1386
"1971-02-24",127.9,128.1,126.15,127.45,822
"1971-02-25",126.1,126.3,124.5,124.55,750
"1971-02-26",124,124,122.1,123.4,1050
"1971-02-27",122.95,125.8,122.95,125.75,795
"1971-02-28",125.8,126.3,123,123.4,896
"1971-03-01",124,125.1,123.6,124.7,903
"1971-03-02",125.4,127.1,125,126.8,1199
"1971-03-03",127.25,129.5,125.85,128.65,2001
"1971-03-04",129.35,131.05,128.85,130.8,1238
"1971-03-05",130.6,133.8,129.7,133.45,1497
"1971-03-06",133.1,136.45,133.1,136.45,1399
"1971-03-07",139.45,139.45,139.45,139.45,154
"1971-03-08",142.45,142.45,142.45,142.45,72
"1971-03-09",145.45,145.45,142.7,145.45,1461
"1971-03-10",144.95,148.35,143.6,146.35,1119
"1971-03-11",145.6,147.1,143.65,147,961
"1971-03-12",146.1,148.3,144,144,1030
"1971-03-13",144,144.6,141,142.9,776
"1971-03-14",143.9,145,143.3,143.9,613
"1971-03-15",144.5,146.9,143.7,146.2,664
"1971-03-16",147,147.3,143.4,143.5,672
"1971-03-17",142.8,144.6,140.5,140.5,677
"1971-03-18",143.1,145.9,143.1,144.5,686
"1971-03-19",144.5,144.9,142.3,144.85,598
"1971-03-20",141.85,141.85,141.85,141.85,32
"1971-03-21",138.85,138.85,138.85,138.85,39
"1971-03-22",138.85,141.85,136.2,141.85,799
"1971-03-23",142.6,142.6,138.85,138.85,504
"1971-03-24",136.85,137.85,135.85,136.7,667
"1971-03-25",136.6,137.6,136.1,137.35,281
"1971-03-26",138.6,140.35,138.6,140.35,230
"1971-03-27",143.35,143.35,143.35,143.35,122
"1971-03-28",143.35,146.1,141.6,142.15,624
"1971-03-29",140.7,142.1,139.2,140.1,484
"1971-03-30",140.6,143.05,140.4,141.7,465
"1971-03-31",142.1,142.6,139,139.35,351
"1971-04-01",139.9,142.35,138.3,141.85,274
"1971-04-02",142.8,144.4,141.6,143.65,1223
"1971-04-03",143.2,144.8,142.2,143.95,794
"1971-04-04",142.05,144.8,141.55,144.3,1094
"1971-04-05",144.1,145.1,143.1,143.4,951
"1971-04-06",143,144.3,141.9,142,534
"1971-04-07",141.8,141.95,139,139,719
"1971-04-08",139,141.3,137.8,140.7,1019
"1971-04-09",140.4,143.9,139.7,143.9,801
"1971-04-10",143.55,145.3,142.3,142.55,995
"1971-04-11",142.8,145.55,142.1,145.55,848
"1971-04-12",146.8,148.55,144.85,148.55,923
"1971-04-13",151.55,151.55,150.8,151.55,425
"1971-04-14",154.55,154.55,154.55,154.55,68
"1971-04-15",157.55,157.55,151.55,151.55,1248
"1971-04-16",151.3,154.55,148.8,152.25,1330
"1971-04-17",153.5,154.3,149.4,150.15,751
"1971-04-18",149.25,149.4,147.15,147.15,355
"1971-04-19",144.15,144.15,144.15,144.15,295
"1971-04-20",144.3,145.8,140.6,143.4,1550
"1971-04-21",142.6,144.2,141.9,142.3,372
"1971-04-22",141.8,141.8,139.3,139.3,713
"1971-04-23",140.3,142.1,137.3,137.4,876
"1971-04-24",136.05,136.75,134.4,134.4,984
"1971-04-25",132.8,135.2,131.4,134.9,1448
"1971-04-26",133.05,133.8,131.9,131.9,585
"1971-04-27",128.9,129.25,128.9,128.9,337
"1971-04-28",128.3,130.8,125.9,125.9,825
"1971-04-29",124.8,126.3,122.9,125.95,849
"1971-04-30",126.05,126.7,122.95,123,381
"1971-05-01",120.9,122.3,120,120,501
"1971-05-02",121.1,123,120.55,123,418
"1971-05-03",126,126,124.9,126,278
"1971-05-04",127.7,129,127.3,128.05,328
"1971-05-05",126.8,129.3,125.2,127.2,223
"1971-05-06",124.8,125.4,124.2,124.2,249
"1971-05-07",125.7,127.1,125.7,126.3,43
"1971-05-08",125.4,125.65,123.3,124.4,275
"1971-05-09",124.65,124.8,122.3,122.5,206
"1971-05-10",122.3,125,121,124.1,201
"1971-05-11",125.6,126.3,124.85,124.9,99
"1971-05-12",121.9,121.9,121.9,121.9,139
"1971-05-13",119.9,119.9,118.9,118.9,308
"1971-05-14",116.5,117.5,115.9,116.7,1501
"1971-05-15",117.6,117.85,114.7,115,643
"1971-05-16",118,118,118,118,33
"1971-05-17",121,121,119,120.65,1045
"1971-05-18",117.75,118.8,117.65,117.65,522
"1971-05-19",119,120.65,119,120.65,275
"1971-05-20",123.65,123.65,120.5,120.85,825
"1971-05-21",123.85,123.85,123.85,123.85,75
"1971-05-22",126.85,126.85,126.85,126.85,62
"1971-05-23",129.5,129.85,128.25,129.85,646
"1971-05-24",132.85,132.85,132.85,132.85,111
"1971-05-25",132.85,132.85,129.85,129.85,632
"1971-05-26",128.3,128.5,126.85,126.85,806
"1971-05-27",129,129.85,127.9,128.35,659
"1971-05-28",128.35,128.35,125.5,127.8,689
"1971-05-29",127.5,127.5,125.75,126.55,719
"1971-05-30",124,128,124,127.8,785
"1971-05-31",127,128.5,125.3,127,361
"1971-06-01",126.2,128,125.9,127.4,334
"1971-06-02",126.65,128.3,126.05,127.95,298
"1971-06-03",128.9,130.95,128.9,130.95,457
"1971-06-04",133.5,133.95,133.1,133.95,249
"1971-06-05",132.7,134.8,132.5,133.85,402
"1971-06-06",132.5,136.85,132.5,136.85,283
"1971-06-07",139.85,139.85,139,139.1,329
"1971-06-08",137,138.3,136.1,136.1,339
"1971-06-09",135.9,139.1,135.9,139.1,263
"1971-06-10",139.75,142.1,139.4,142.1,290
"1971-06-11",142.75,143.9,140.3,143,362
"1971-06-12",146,146,146,146,65
"1971-06-13",147.5,149,146.5,147.5,429
"1971-06-14",144.5,145.5,144.5,144.5,371
"1971-06-15",145,147.5,143.75,144.25,328
"1971-06-16",143.5,144,141.5,142.7,306
"1971-06-17",142.5,143,140.5,140.7,285
"1971-06-18",140.25,143.7,140.05,143.7,529
"1971-06-19",145.05,146.7,144.85,145.95,623
"1971-06-20",145.1,145.65,142.95,142.95,449
"1971-06-21",140,140.55,139.95,139.95,209
"1971-06-22",138.05,138.75,136.95,136.95,575
"1971-06-23",137.45,137.65,135.05,136.35,461
"1971-06-24",139.25,139.35,133.35,134.65,881
"1971-06-25",132.8,137.65,132.65,136.95,689
"1971-06-26",135.05,135.45,133.95,133.95,364
"1971-06-27",131.65,133.25,130.95,132.4,471
"1971-06-28",131.55,134.65,131.55,133.85,331
"1971-06-29",131.8,132.3,130.85,130.95,372
"1971-06-30",131.15,133.85,131.15,131.65,288
"1971-07-01",132.55,132.8,130.85,132.05,203
"1971-07-02",132.95,135.05,132.95,135.05,202
"1971-07-03",137.55,138.05,136.55,138.05,371
"1971-07-04",137.05,137.95,135.95,137.4,235
"1971-07-05",134.95,135.45,134.4,134.4,199
"1971-07-06",132.3,134.05,132.3,133.45,165
"1971-07-07",132.8,133.85,132.55,132.6,118
"1971-07-08",133.05,133.05,131.05,131.55,197
"1971-07-09",130.55,134.55,129.45,134.55,308
"1971-07-10",134.55,134.55,131.65,132.6,228
"1971-07-11",132.05,133.85,131.65,133.75,198
"1971-07-12",134.75,136.65,134.65,135.9,237
"1971-07-13",135.85,136.05,134.25,134.8,69
"1971-07-14",135.55,136.8,134.6,135.8,102
"1971-07-15",132.8,132.8,132.8,132.8,80
"1971-07-16",132.8,133.85,132.8,133.8,179
"1971-07-17",133.55,135.65,133.25,135.2,106
"1971-07-18",135.55,135.55,134.35,134.6,95
"1971-07-19",131.6,133.55,131.6,133.05,228
"1971-07-20",133.15,134.55,133.15,134.05,53
"1971-07-21",135.45,137.05,135.35,137.05,341
"1971-07-22",137.8,138.05,135.3,135.75,100
"1971-07-23",135.6,136.35,134.75,136.35,139
"1971-07-24",134.25,136.05,134.25,135.8,115
"1971-07-25",134.55,135.65,134.55,135.3,98
"1971-07-26",135.55,137.45,135.45,136.85,199
"1971-07-27",137.85,138.3,136.85,137.55,213
"1971-07-28",138,138,136.65,137.35,102
"1971-07-29",137.85,137.85,136.15,136.25,159
"1971-07-30",136.35,136.45,135.15,135.55,318
"1971-07-31",135.95,136.5,135.75,136.2,124
"1971-08-01",136.75,138.05,136.6,138.05,293
"1971-08-02",138.35,138.4,137.15,137.35,382
"1971-08-03",136.15,136.35,135.15,135.2,304
"1971-08-04",134.7,134.7,133.25,133.45,312
"1971-08-05",133.95,134.65,133.35,133.8,271
"1971-08-06",134.25,134.45,132.4,133.35,340
"1971-08-07",133.4,133.65,132.85,133.2,203
"1971-08-08",131.65,131.8,130.2,130.2,468
"1971-08-09",127.2,127.85,127.2,127.2,518
"1971-08-10",126.85,128.25,126.75,127,377
"1971-08-11",127.85,128.55,124,124,795
"1971-08-12",124.75,126.25,122.85,124.85,428
"1971-08-13",126.45,127.85,126.45,127.85,339
"1971-08-14",128.85,129.3,127.85,128.85,265
"1971-08-15",128.45,128.45,126.15,126.25,256
"1971-08-16",124.35,128.05,124.35,127.9,249
"1971-08-17",127.2,128.8,127.2,128,220
"1971-08-18",128.95,129.35,126.2,126.4,186
"1971-08-19",125.75,126.35,124.95,125.45,127
"1971-08-20",125.75,127.05,125.75,125.9,109
"1971-08-21",127.05,128.65,126.6,128.05,124
"1971-08-22",129.35,130.25,127.8,129.6,211
"1971-08-23",129.85,130.65,128.85,130.5,166
"1971-08-24",130.85,131.85,130.35,131.45,450
"1971-08-25",132,132,130.35,131.4,176
"1971-08-26",131.85,133.1,131.65,132.3,200
"1971-08-27",131.35,131.35,130.4,130.4,100
"1971-08-28",128.95,132.1,128.95,131.35,147
"1971-08-29",131.35,134.35,131.35,134.35,190
"1971-08-30",135.35,137.35,134.8,137.1,353
"1971-08-31",136.85,139.1,136.4,138.8,269
"1971-09-01",139.85,140.7,139.3,139.95,430
"1971-09-02",139.55,140,138.1,138.1,161
"1971-09-03",138.35,139.6,138.35,139.6,66
"1971-09-04",139.05,142.6,139.05,142.6,138
"1971-09-05",141.95,145.1,141.65,143.35,242
"1971-09-06",142.45,144.35,140.35,144.35,129
"1971-09-07",143.85,145.95,143.85,145.35,193
"1971-09-08",144.35,146.25,144.35,145.95,82
"1971-09-09",144.35,145.35,143.8,145.1,89
"1971-09-10",144.85,145.1,142.65,143.5,136
"1971-09-11",141.25,141.25,140.5,140.5,82
"1971-09-12",139.6,142.5,139.55,141.3,256
"1971-09-13",140.75,141.8,140.75,141.35,137
"1971-09-14",140.5,141,139.6,140.3,218
"1971-09-15",140.2,141.1,139.5,140.4,332
"1971-09-16",143.4,143.4,143.4,143.4,41
"1971-09-17",144.9,145.6,144.4,145,744
"1971-09-18",145.15,145.3,142.75,143,373
"1971-09-19",142.75,143.2,141.9,142.75,289
"1971-09-20",142.8,145.65,142.7,145.55,464
"1971-09-21",145.9,146.9,145.1,146.1,548
"1971-09-22",144.5,149.1,144.5,149.1,644
"1971-09-23",149.8,152.1,149.8,152.1,643
"1971-09-24",151.3,152.9,150.5,150.9,384
"1971-09-25",148.5,150,147.9,147.9,391
"1971-09-26",148.2,149,145.6,145.8,272
"1971-09-27",145,146.3,142.8,143.35,529
"1971-09-28",143.2,143.9,140.35,140.35,479
"1971-09-29",139.45,141.9,139,141.3,416
"1971-09-30",142,143.5,142,142.65,194
"1971-10-01",142.75,145.45,142.75,143.8,260
"1971-10-02",144.35,145.1,143.75,144.8,229
"1971-10-03",145.5,147.25,141.8,142.4,458
"1971-10-04",142.75,145.4,142.75,145.35,179
"1971-10-05",148.35,148.35,148.35,148.35,61
"1971-10-06",151.35,151.35,149.3,150.4,358
"1971-10-07",149.6,151.7,148.9,151.6,247
"1971-10-08",152.8,152.9,148.6,148.6,393
"1971-10-09",147.9,150,147,149.45,274
"1971-10-10",149.75,149.75,147.6,147.8,95
"1971-10-11",147.45,148.75,146.1,148.65,145
"1971-10-12",149.1,149.5,147.55,147.75,92
"1971-10-13",147.4,150.75,147.4,150.6,177
"1971-10-14",150.7,150.9,148.8,149,280
"1971-10-15",149.2,149.8,148.55,149,134
"1971-10-16",148.8,150.3,148.8,150,65
"1971-10-17",150.2,150.2,148.25,148.35,91
"1971-10-18",147.8,148.25,147.2,147.6,95
"1971-10-19",146.3,147.3,145.4,145.6,206
"1971-10-20",145.3,148.4,144.75,148.4,116
"1971-10-21",147.5,147.75,145.7,145.9,79
"1971-10-22",145.9,146.4,145.65,145.65,115
"1971-10-23",145.75,146.1,145.2,145.4,73
"1971-10-24",145.8,147.9,145.8,147,143
"1971-10-25",145.8,149.5,145.8,148.45,652
"1971-10-26",149.3,151.45,149.3,151.25,710
"1971-10-27",150.9,154.2,150.9,152.25,745
"1971-10-28",152.3,153.3,152.1,152.85,497
"1971-10-29",151.8,152.3,150.05,150.6,489
"1971-10-30",150,152.05,149.05,151.9,447
"1971-10-31",152.7,153.3,152,152.3,549
"1971-11-01",151.9,152.3,150.3,150.5,580
"1971-11-02",150.5,150.7,148.4,148.75,484
"1971-11-03",150.1,150.3,147.1,148.1,919
"1971-11-04",148.3,149.5,145.1,145.1,932
"1971-11-05",144,144.3,142.2,142.25,1181
"1971-11-06",142.3,143.8,142.3,142.5,357
"1971-11-07",143.3,144.3,142.8,143.6,391
"1971-11-08",145.3,146.6,144.8,145.9,497
"1971-11-09",145.3,145.55,143.3,143.3,325
"1971-11-10",143.05,144.1,142.05,143.75,350
"1971-11-11",144.25,145,143.4,143.4,155
"1971-11-12",144,144.05,142.7,143.25,204
"1971-11-13",144.7,144.8,142.5,142.55,377
"1971-11-14",142.55,143.9,142.55,143.2,164
"1971-11-15",143.7,145.6,143.3,145.55,236
"1971-11-16",145.9,146.5,144.6,145.55,387
"1971-11-17",145.05,145.35,144.2,144.25,196
"1971-11-18",147.1,147.25,146.6,147.25,346
"1971-11-19",148.1,148.4,146.2,146.25,259
"1971-11-20",146.5,146.5,143.9,144.6,386
"1971-11-21",147.6,147.6,147.6,147.6,9
"1971-11-22",150.6,150.6,150.6,150.6,219
"1971-11-23",153.6,153.6,153.6,153.6,262
"1971-11-24",156.6,156.6,156.6,156.6,143
"1971-11-25",159.6,159.6,159.6,159.6,121
"1971-11-26",164.6,164.6,164.6,164.6,907
"1971-11-27",165.7,168.4,165.3,167.55,1045
"1971-11-28",168.5,169.3,165.8,166.65,746
"1971-11-29",167.3,168.5,166.05,168.2,377
"1971-11-30",167.6,167.8,165.2,165.2,206
"1971-12-01",162.3,165.8,162.3,164.3,179
"1971-12-02",162.3,165,161.8,164.8,295
"1971-12-03",165.3,166.8,164.3,166.65,186
"1971-12-04",167.8,169.65,167.3,169.65,282
"1971-12-05",168.2,169.3,166.95,167.1,412
"1971-12-06",164.1,165.9,164.1,164.85,947
"1971-12-07",164.5,165.5,161.85,161.85,479
"1971-12-08",158.85,160.1,158.85,159.3,792
"1971-12-09",158.9,161.8,158.9,161.5,413
"1971-12-10",161.2,161.3,158.5,158.5,564
"1971-12-11",157.3,159.5,157.3,158.3,450
"1971-12-12",158.9,158.9,157.7,158.05,375
"1971-12-13",157.5,157.7,155.05,155.2,739
"1971-12-14",154.95,157,154.95,156.3,367
"1971-12-15",157.2,159.3,155.6,156.3,647
"1971-12-16",156.35,157.1,156.2,156.6,172
"1971-12-17",157.1,158.7,157.1,158.3,177
"1971-12-18",158,158,156.3,156.45,192
"1971-12-19",157.45,157.5,153.45,153.7,441
"1971-12-20",154.65,156.7,154.65,155.4,179
"1971-12-21",155.6,156.1,154.9,154.95,192
"1971-12-22",154.9,155.2,153.05,153.4,255
"1971-12-23",152.2,152.9,150.7,152,517
"1971-12-24",150.8,154.9,150.8,154.15,395
"1971-12-25",154.7,154.8,153.15,153.8,100
"1971-12-26",153.45,154,153,153.45,107
"1971-12-27",154.1,155.9,154.1,155.05,264
"1971-12-28",155.7,155.7,154.35,155.1,108
"1971-12-29",155.65,156.5,154.6,156,320
"1971-12-30",157.5,158,154.2,155.45,488
"1971-12-31",155.2,155.7,154.1,155.6,116
"1972-01-01",155.6,155.6,152.6,152.6,197
"1972-01-02",151.3,152.9,151.05,152.9,290
"1972-01-03",152.95,153.45,152.6,153.2,157
"1972-01-04",153.45,153.7,152.9,152.95,84
"1972-01-05",152.8,152.8,150.7,151.45,148
"1972-01-06",151.2,152.2,151.2,152,94
"1972-01-07",152.4,152.95,152.2,152.6,167
"1972-01-08",152.3,153.45,152.2,153.4,145
"1972-01-09",153.5,153.7,153,153.25,104
"1972-01-10",153.7,154.4,153.3,154.3,193
"1972-01-11",154.7,154.7,153.95,153.95,208
"1972-01-12",155.2,155.7,154.4,154.75,221
"1972-01-13",157.25,158.5,156.1,157.35,1041
"1972-01-14",161.35,162.35,161,162.35,925
"1972-01-15",157.6,158,157.35,157.35,328
"1972-01-16",156.7,158,155.5,157.45,549
"1972-01-17",157.55,158.5,156.3,157,320
"1972-01-18",156.4,157.2,156.05,156.8,325
"1972-01-19",157,159.1,157,159.05,463
"1972-01-20",158.8,159.1,157.05,157.8,447
"1972-01-21",159.3,160.5,158.3,159.6,589
"1972-01-22",159.5,159.5,156.5,157.15,455
"1972-01-23",156.3,156.7,154.7,154.75,611
"1972-01-24",154.75,155.95,154.75,155.5,469
"1972-01-25",155.4,156.7,155,156.4,474
"1972-01-26",157.5,158.65,157.5,158.1,352
"1972-01-27",156.8,157.4,156.5,156.9,147
"1972-01-28",157.5,158.3,157.3,158.2,125
"1972-01-29",158.45,159.45,157.9,158,281
"1972-01-30",157.8,158.25,156.8,157.9,208
"1972-01-31",157.9,158.5,156.7,156.75,201
"1972-02-01",155.8,155.9,152.75,153.25,640
"1972-02-02",155,156.6,154.8,156.1,477
"1972-02-03",156.2,157.5,155.7,155.8,338
"1972-02-04",156.4,158.3,156.25,156.85,445
"1972-02-05",156,158.5,155.2,158,386
"1972-02-06",153,155.2,153,153.4,343
"1972-02-07",153.4,154.25,153.4,153.8,194
"1972-02-08",154.7,156,154.2,155.9,218
"1972-02-09",154.1,154.7,153.5,153.65,225
"1972-02-10",154,154.5,153.5,153.9,228
"1972-02-11",149.75,150,148.9,149.2,763
"1972-02-12",149.2,150.2,149,149.5,154
"1972-02-13",150.1,151,150,150.7,211
"1972-02-14",150.5,151.3,150.4,151.25,140
"1972-02-15",149.5,149.5,147.65,147.75,215
"1972-02-16",146.75,146.75,144.1,144.1,436
"1972-02-17",144.5,146.1,144.5,145.05,198
"1972-02-18",145.25,145.5,144.75,144.9,101
"1972-02-19",144.5,144.5,142,142.5,169
"1972-02-20",143.25,144.3,143.2,143.7,75
"1972-02-21",144.1,144.5,143.7,144.1,102
"1972-02-22",144.3,144.4,143.1,143.35,103
"1972-02-23",143.1,143.2,142.5,142.95,180
"1972-02-24",143.35,145.9,143.35,145.75,257
"1972-02-25",145.35,145.6,143.35,143.35,155
"1972-02-26",143,143.75,143,143.45,191
"1972-02-27",143.45,143.65,142.75,143.45,102
"1972-02-28",143.9,145.1,143.6,144.1,85
"1972-02-29",142.9,143.45,142.1,142.95,275
"1972-03-01",142.45,142.45,140.4,140.95,247
"1972-03-02",141,141.1,139.6,141,204
"1972-03-03",141.8,142,141.05,141.2,136
"1972-03-04",140.9,141.15,136.2,136.6,295
"1972-03-05",138.1,139.4,138,139.35,199
"1972-03-06",138.6,139.85,136.8,137.1,487
"1972-03-07",137.6,138.5,137.6,138.1,90
"1972-03-08",138.4,143.1,138.4,141.2,353
"1972-03-09",141.2,141.2,139.6,139.9,151
"1972-03-10",140.35,140.45,137.5,138.25,186
"1972-03-11",136.6,137.6,136.4,136.9,276
"1972-03-12",136.25,137.7,136.25,137.55,102
"1972-03-13",137.6,140.35,137.6,139.95,198
"1972-03-14",139.7,141.1,139.6,140.1,244
"1972-03-15",140.85,142.35,140.6,142.35,281
"1972-03-16",141.9,142.45,141.1,141.6,131
"1972-03-17",141.4,141.6,140.6,140.85,72
"1972-03-18",140.6,140.6,139.9,139.9,77
"1972-03-19",139.15,139.55,138.4,139.55,262
"1972-03-20",140.6,140.9,140,140.65,99
"1972-03-21",140.35,140.95,140.35,140.6,31
"1972-03-22",141.3,141.8,140.3,140.5,99
"1972-03-23",139.6,140.7,139.5,140.55,109
"1972-03-24",140.5,144.1,140.5,142.6,290
"1972-03-25",144.1,144.4,143.7,144.1,271
"1972-03-26",143.9,143.9,142.55,143.2,127
"1972-03-27",143.5,143.9,143,143.05,69
"1972-03-28",143.4,143.9,143.3,143.3,105
"1972-03-29",143.5,145.7,143.5,144.6,217
"1972-03-30",144.6,146.1,144.6,146.1,243
"1972-03-31",146.1,146.1,144.1,144.25,164
"1972-04-01",144.1,144.1,143.4,143.5,67
"1972-04-02",143.35,143.85,142.8,143,107
"1972-04-03",142.35,142.35,141.1,141.9,129
"1972-04-04",142.9,143.6,142.3,142.3,84
"1972-04-05",142.2,142.3,139.65,140.7,420
"1972-04-06",140.3,140.9,139.45,139.9,271
"1972-04-07",139.65,141.1,139.65,140.05,231
"1972-04-08",139.4,140.2,138.9,139.6,239
"1972-04-09",139.5,141.8,139.3,141.2,224
"1972-04-10",141.4,141.9,140.4,140.4,164
"1972-04-11",140.3,140.9,139.7,140.1,174
"1972-04-12",139.9,140.9,138.9,139.6,167
"1972-04-13",138.4,139.05,137.95,138.2,346
"1972-04-14",137.75,137.75,136.65,136.9,620
"1972-04-15",136.65,137.6,136.65,137.05,219
"1972-04-16",137.2,138.7,136.8,138.05,233
"1972-04-17",137.95,139.3,137.5,138.75,248
"1972-04-18",137.55,137.55,136.6,137.15,168
"1972-04-19",136.8,136.8,135.3,135.4,169
"1972-04-20",135.2,136.2,134.95,136,168
"1972-04-21",135.8,136.9,135.8,136.15,128
"1972-04-22",137.8,138.15,137,137.2,267
"1972-04-23",137.7,137.8,136.5,136.5,142
"1972-04-24",136.6,137.75,136.5,137.2,84
"1972-04-25",137.4,137.8,136.8,137.3,150
"1972-04-26",137.3,137.3,136.4,136.7,154
"1972-04-27",136.6,136.6,135.3,135.35,143
"1972-04-28",135.75,136.2,130.4,131.7,471
"1972-04-29",131.2,132.4,130.7,131.7,383
"1972-04-30",131.4,132.8,131.4,132.8,146
"1972-05-01",132.8,132.85,131.65,131.9,127
"1972-05-02",131.15,132.35,130.4,131.2,172
"1972-05-03",131.3,131.3,128.6,130.2,494
"1972-05-04",130,131.1,129.9,131,234
"1972-05-05",130.8,132.05,130.8,131.7,169
"1972-05-06",131.5,131.7,129.4,130.15,253
"1972-05-07",129.4,132.15,129.15,132.1,184
"1972-05-08",133.4,134.8,132.6,132.6,346
"1972-05-09",132.4,132.4,130.95,131.25,147
"1972-05-10",130.65,130.9,129,129,327
"1972-05-11",128.9,130.5,128.3,128.65,313
"1972-05-12",128.9,130.7,128.9,130.7,91
"1972-05-13",130,131.6,129.7,131,82
"1972-05-14",131.15,132.3,131.15,131.45,129
"1972-05-15",131.7,131.8,130.7,130.7,49
"1972-05-16",131.2,132.85,131.2,131.7,196
"1972-05-17",131.4,131.7,130.8,131.3,51
"1972-05-18",131.5,131.75,128.35,129.45,405
"1972-05-19",129.6,131.2,129.6,130.55,234
"1972-05-20",131.4,131.4,129.9,130.45,213
"1972-05-21",132,133.9,131.9,133,577
"1972-05-22",133.5,137.6,132.9,136.6,802
"1972-05-23",137.4,139.55,137.1,139.25,804
"1972-05-24",139.1,139.3,138.1,138.15,334
"1972-05-25",137.6,139.3,137.4,137.7,257
"1972-05-26",136.3,137.6,135.5,137.25,306
"1972-05-27",137.1,139.4,137.1,138.8,497
"1972-05-28",139.3,139.4,137.1,137.3,360
"1972-05-29",137.1,138.25,136.1,136.45,672
"1972-05-30",136.65,137.1,134.9,135.05,307
"1972-05-31",135.6,136.6,134.85,134.95,199
"1972-06-01",135.1,137.15,135.1,135.3,162
"1972-06-02",134.35,135,134.1,134.4,155
"1972-06-03",133.65,134.9,133.65,134.9,111
"1972-06-04",135.4,136.1,135.3,135.85,97
"1972-06-05",135.85,136.1,135.2,135.5,92
"1972-06-06",135.1,136.75,135,136.5,133
"1972-06-07",136.95,138.1,136.95,138,234
"1972-06-08",138.5,141.1,138.5,140.05,585
"1972-06-09",140.55,141.1,139.75,140.5,308
"1972-06-10",140.6,141.85,140.6,141.1,354
"1972-06-11",140.9,141.3,140.3,140.75,189
"1972-06-12",140.25,140.65,139.9,140.25,121
"1972-06-13",140.4,140.4,138.9,139.3,219
"1972-06-14",139.5,139.8,139,139.5,239
"1972-06-15",138.9,139.3,137.9,139.2,177
"1972-06-16",139.6,141.65,139.6,141.55,286
"1972-06-17",142,143.5,141.6,143.15,436
"1972-06-18",143.35,143.35,141.4,142.05,207
"1972-06-19",141.85,142.7,141.85,141.85,87
"1972-06-20",142.1,142.6,142.1,142.6,39
"1972-06-21",142.6,144.4,142.6,143.8,158
"1972-06-22",143.4,143.95,143,143.9,169
"1972-06-23",143.4,144.6,142.8,144.55,165
"1972-06-24",144.4,145.6,144.35,144.85,398
"1972-06-25",145.6,146.1,145.1,145.4,144
"1972-06-26",145.6,145.6,145.1,145.1,51
"1972-06-27",145.6,146.85,145.15,145.4,168
"1972-06-28",145.25,145.35,143.6,143.9,129
"1972-06-29",144.35,145.8,144.35,144.6,187
"1972-06-30",145.2,145.8,144,145.8,233
"1972-07-01",144.8,144.9,142.1,142.6,303
"1972-07-02",142.5,143.55,142.5,142.95,286
"1972-07-03",143.3,143.9,142.85,143.2,132
"1972-07-04",141.85,142.4,139.6,139.7,470
"1972-07-05",139.45,140.5,137.5,139,793
"1972-07-06",139.85,139.9,138.7,139.6,319
"1972-07-07",140,141.2,139.5,140.1,291
"1972-07-08",139.7,140.1,138.7,140.1,227
"1972-07-09",140.8,141,139.35,140.35,202
"1972-07-10",140.1,142.1,138.4,141.6,279
"1972-07-11",142.6,143.35,141.3,142,202
"1972-07-12",142,142.75,141.45,142.7,213
"1972-07-13",143.3,145.1,143.3,145,281
"1972-07-14",145.9,147.1,145.7,146.95,527
"1972-07-15",147.35,147.4,146.4,146.4,239
"1972-07-16",146.4,146.4,145,145.5,87
"1972-07-17",145.4,146,144.9,146,158
"1972-07-18",146.4,147.6,146.4,147.1,156
"1972-07-19",148.4,149,147.75,148.1,290
"1972-07-20",148.25,149.85,148.25,149.65,131
"1972-07-21",150.1,150.1,145.9,146.6,124
"1972-07-22",146.1,147.7,146.1,147.7,74
"1972-07-23",146.7,147.1,145.6,146.35,109
"1972-07-24",147.6,147.9,146.4,146.4,139
"1972-07-25",145.1,145.1,144.1,144.7,180
"1972-07-26",144.9,145.1,144.1,144.85,120
"1972-07-27",144.1,144.25,143.15,143.9,82
"1972-07-28",144.1,145.2,144.1,144.7,60
"1972-07-29",144.2,146,144.2,145.6,136
"1972-07-30",140.6,140.6,140.6,140.6,26
"1972-07-31",138.1,138.2,136.6,137.85,437
"1972-08-01",138.5,140.35,138.35,140.1,112
"1972-08-02",140.35,143,140.35,142.75,201
"1972-08-03",143.3,144.75,141.1,141.35,233
"1972-08-04",141.1,143.6,141,143.6,107
"1972-08-05",142.85,143.1,142.35,143,80
"1972-08-06",142.2,142.6,141.6,141.65,63
"1972-08-07",141.4,145.1,141.4,144.1,154
"1972-08-08",143.8,149.1,143.4,149.1,61
"1972-08-09",145.6,146.35,144.6,146.1,78
"1972-08-10",145.55,145.55,144.65,144.9,29
"1972-08-11",145.3,145.3,144.6,144.6,68
"1972-08-12",144.35,144.75,144.2,144.7,131
"1972-08-13",144.7,144.8,143.6,144.3,231
"1972-08-14",144,144.1,143.35,143.75,145
"1972-08-15",143.6,144.35,143.6,144,105
"1972-08-16",143.6,144.6,143.6,144.05,116
"1972-08-17",143.8,143.95,143.15,143.2,108
"1972-08-18",143.5,146.6,143.5,144.35,527
"1972-08-19",145,146.05,144.7,145.85,175
"1972-08-20",145.9,145.95,143.65,144.15,263
"1972-08-21",144.1,144.9,143.85,144.3,129
"1972-08-22",144.35,144.7,142.6,142.65,243
"1972-08-23",141.5,144,140.8,143.7,638
"1972-08-24",143.7,144.6,142.85,142.9,386
"1972-08-25",142.6,142.8,142.05,142.3,172
"1972-08-26",143.3,144,142.85,143.95,233
"1972-08-27",144,144.5,143.5,143.65,155
"1972-08-28",143.8,144.5,143.45,144.1,94
"1972-08-29",144.5,144.6,143.6,143.6,91
"1972-08-30",143.85,145.1,143.85,145.05,345
"1972-08-31",145.5,145.7,144.8,145.25,287
"1972-09-01",145.75,146.6,144.4,144.5,284
"1972-09-02",145,145,143.4,143.5,569
"1972-09-03",143.35,144.2,143,143.3,274
"1972-09-04",144,144.2,143.4,143.5,140
"1972-09-05",144,144.4,143.8,144.3,116
"1972-09-06",144.6,144.6,143.5,143.95,158
"1972-09-07",144.25,145,144.1,144.75,124
"1972-09-08",144.95,145.3,144.2,144.2,188
"1972-09-09",144.7,145.15,144.7,145.05,108
"1972-09-10",145.45,149.05,145.3,148.85,480
"1972-09-11",148.05,148.1,147.2,147.4,249
"1972-09-12",147.7,148.4,147.4,147.5,152
"1972-09-13",147.35,147.35,146.25,146.3,208
"1972-09-14",146.3,146.6,145.7,145.75,79
"1972-09-15",146,146.75,146,146.5,76
"1972-09-16",146.3,146.8,146.05,146.1,33
"1972-09-17",146.35,146.5,145.4,145.45,93
"1972-09-18",145.8,146.35,145.7,146.35,110
"1972-09-19",146.6,147.7,146.4,147,205
"1972-09-20",143.55,144.85,143.55,144.75,894
"1972-09-21",145.1,145.7,143.4,143.6,730
"1972-09-22",144.15,146.55,144.05,145.55,630
"1972-09-23",139.65,141.05,139.55,140.05,451
"1972-09-24",140,140.1,136.75,137.2,1201
"1972-09-25",136.75,138.25,136.75,137.45,519
"1972-09-26",137.05,138.15,136.25,137.65,647
"1972-09-27",138.55,139.25,138.15,138.6,418
"1972-09-28",138.75,138.85,137.75,138.5,275
"1972-09-29",138.25,139.2,138.25,138.5,340
"1972-09-30",138,138,133.5,136.55,775
"1972-10-01",137,137.8,136.55,137,270
"1972-10-02",137.25,137.4,136.35,137.05,297
"1972-10-03",136.75,138,136.75,137.9,247
"1972-10-04",138.5,138.55,137.15,138,285
"1972-10-05",137.65,137.65,136.05,136.75,241
"1972-10-06",135.75,135.85,133.15,133.95,644
"1972-10-07",134.35,135.7,134.25,135,323
"1972-10-08",135.25,135.65,134.05,134.25,250
"1972-10-09",136,136.95,135.75,136.1,560
"1972-10-10",138.25,138.45,134.25,134.55,641
"1972-10-11",134.5,135.55,133.65,135.2,457
"1972-10-12",134.25,135.9,134.25,134.75,404
"1972-10-13",134.95,135.15,133.85,133.85,305
"1972-10-14",133.55,134.25,133.55,133.9,210
"1972-10-15",134,135.2,133.65,134.15,182
"1972-10-16",132.25,135.25,130.25,130.9,604
"1972-10-17",131.25,131.25,130.3,131.25,232
"1972-10-18",130.85,131.25,130.8,130.9,107
"1972-10-19",130.75,132.55,130.75,132.25,158
"1972-10-20",131.55,131.95,131.25,131.25,167
"1972-10-21",131.45,133.15,130.85,132.9,152
"1972-10-22",132.6,133.05,132.15,132.45,67
"1972-10-23",133.25,133.25,131.5,131.85,100
"1972-10-24",132.45,132.75,132.1,132.55,226
"1972-10-25",132.85,133.15,132.25,132.25,122
"1972-10-26",132.45,132.75,132.2,132.75,44
"1972-10-27",132.75,132.95,132.35,132.85,92
"1972-10-28",133.1,133.25,132.83,133,154
"1972-10-29",138,138,138,138,72
"1972-10-30",143,143,143,143,276
"1972-10-31",148,148,148,148,437
"1972-11-01",147.35,147.95,143.75,144.7,1074
"1972-11-02",145.85,148.05,144.85,146.8,776
"1972-11-03",145.35,145.55,141.8,141.8,445
"1972-11-04",140.85,143.05,140.85,142.95,592
"1972-11-05",143.1,146.15,143.1,145,405
"1972-11-06",145.5,145.75,143.55,144.85,404
"1972-11-07",145.55,145.55,144.25,144.8,252
"1972-11-08",144.25,144.25,142.6,144.1,245
"1972-11-09",143.85,144.8,142.95,144.4,233
"1972-11-10",144.95,145.05,143.45,143.65,122
"1972-11-11",143.05,144.55,142.9,144,95
"1972-11-12",143,144.75,143,143.35,122
"1972-11-13",141.6,141.75,139.85,139.85,422
"1972-11-14",140.15,140.4,139.75,139.95,207
"1972-11-15",140.05,141.15,140.05,141,147
"1972-11-16",141.35,141.45,139.75,140.95,202
"1972-11-17",139.6,139.75,137.45,137.85,272
"1972-11-18",136.6,136.85,134.85,135.55,246
"1972-11-19",135.05,135.3,133.55,134.55,192
"1972-11-20",135.3,135.8,135.1,135.55,92
"1972-11-21",136.15,136.6,136.05,136.35,106
"1972-11-22",136.45,136.65,135.85,136.45,62
"1972-11-23",136.5,137.85,136.4,137.1,117
"1972-11-24",137.35,137.45,136.05,136.95,101
"1972-11-25",137.45,137.45,135.85,136.45,77
"1972-11-26",134.85,135.25,133.95,133.95,136
"1972-11-27",134.15,135.25,134.1,134.65,127
"1972-11-28",135.15,137.75,132.85,137.5,147
"1972-11-29",138.15,138.35,137.6,137.7,165
"1972-11-30",137.75,137.75,136,136.65,91
"1972-12-01",136.85,137.1,135.1,136.1,77
"1972-12-02",135.85,135.85,135.35,135.35,46
"1972-12-03",135.35,135.85,134.65,135.5,72
"1972-12-04",136.35,136.85,135.65,135.75,103
"1972-12-05",136.1,136.55,134.95,134.95,51
"1972-12-06",135.85,136.85,135.5,136.8,67
"1972-12-07",136.35,136.35,135.35,135.85,46
"1972-12-08",136.1,136.85,135.85,135.85,70
"1972-12-09",136.25,136.25,134.85,135.65,49
"1972-12-10",135.5,135.5,134.85,135.1,186
"1972-12-11",134.6,134.65,133.1,133.75,583
"1972-12-12",133.6,135.55,133.6,135.1,204
"1972-12-13",134.7,135.1,134.7,135,126
"1972-12-14",134.8,136,134.2,135.95,216
"1972-12-15",135.45,135.6,134.35,135.1,106
"1972-12-16",134.3,134.75,133.35,134.25,166
"1972-12-17",134.25,135.25,134.25,135.25,141
"1972-12-18",135.1,136.2,134.8,136.2,116
"1972-12-19",136.3,136.35,135.25,135.55,203
"1972-12-20",135.9,136,135.4,135.4,133
"1972-12-21",135.4,135.4,134.6,135.35,220
"1972-12-22",134.95,135.9,134.85,135.6,97
"1972-12-23",135.6,136.4,135.6,136.4,90
"1972-12-24",136.4,136.7,136.1,136.3,241
"1972-12-25",136.1,136.2,135.35,135.35,76
"1972-12-26",135.7,135.8,135.5,135.6,57
"1972-12-27",135.9,135.9,135.5,135.6,55
"1972-12-28",135.35,135.75,135.35,135.45,69
"1972-12-29",135.3,135.6,135.3,135.4,40
"1972-12-30",135.55,135.65,135.2,135.4,90
"1972-12-31",135.5,136.6,135.5,136.6,60
"1973-01-01",136.6,137.4,136.3,136.95,264
"1973-01-02",137,137.5,136.8,137.2,302
"1973-01-03",137.2,137.2,135.7,135.7,156
"1973-01-04",134.6,135.05,134.25,134.5,282
"1973-01-05",133.4,134.7,132.5,132.75,296
"1973-01-06",132,132.3,131.6,132,212
"1973-01-07",132.2,132.5,131.7,131.8,196
"1973-01-08",131.7,131.7,130.65,131,190
"1973-01-09",130.3,131.5,130.3,131.1,97
"1973-01-10",131.35,131.7,130.6,131.7,63
"1973-01-11",131.4,131.65,131.3,131.45,50
"1973-01-12",131.25,131.3,131,131.1,91
"1973-01-13",131.1,131.3,131.05,131.05,41
"1973-01-14",131.35,131.75,131.25,131.4,52
"1973-01-15",131.45,132.2,131.35,132.1,98
"1973-01-16",132.05,132.1,131.8,131.8,31
"1973-01-17",132.05,132.35,132.05,132.3,50
"1973-01-18",132.1,132.1,131.75,131.85,46
"1973-01-19",131.85,131.9,131.2,131.4,53
"1973-01-20",131.3,132,131.25,132,35
"1973-01-21",132.2,132.5,131.95,132.3,76
"1973-01-22",132.2,133.4,132.1,133.15,260
"1973-01-23",133.3,133.3,132.4,133.05,181
"1973-01-24",133.65,133.7,133.35,133.4,140
"1973-01-25",133.6,134.4,133.45,134,212
"1973-01-26",134.65,134.7,134.2,134.4,229
"1973-01-27",134.4,134.8,134.3,134.55,170
"1973-01-28",133.65,134.85,133.2,133.5,135
"1973-01-29",133.45,137.05,133.45,135.65,260
"1973-01-30",136.4,136.4,135.55,135.8,140
"1973-01-31",136.4,136.4,135.9,136.15,280
"1973-02-01",135.7,136.15,135.45,135.6,149
"1973-02-02",135.6,136.1,135.5,136.1,81
"1973-02-03",135.1,135.15,133.5,133.85,97
"1973-02-04",133.55,134.85,133.25,134.05,113
"1973-02-05",133.95,134.5,133.6,133.85,105
"1973-02-06",133.7,134.7,133.7,134.45,94
"1973-02-07",134.6,134.7,133.5,133.55,59
"1973-02-08",133.2,133.65,132.8,133.65,191
"1973-02-09",134,134.8,133.3,134.75,79
"1973-02-10",134.75,134.8,134.15,134.3,30
"1973-02-11",134.1,134.6,133.95,134.1,49
"1973-02-12",134.05,134.9,134,134.9,99
"1973-02-13",135.8,136.85,135.6,136.3,170
"1973-02-14",136.9,137.1,136,136.15,214
"1973-02-15",136.2,136.6,135.95,135.95,132
"1973-02-16",135.2,135.6,135.05,135.35,57
"1973-02-17",135.15,136.3,135.15,136.25,38
"1973-02-18",136.4,136.4,135,135.7,119
"1973-02-19",135.7,136.5,135.7,136.4,122
"1973-02-20",136.4,136.7,136.3,136.5,85
"1973-02-21",136.45,137.9,136.3,137.55,135
"1973-02-22",137.7,137.7,137.1,137.3,60
"1973-02-23",136.4,136.8,136.4,136.8,80
"1973-02-24",136.9,138.1,136.9,137.9,59
"1973-02-25",137.95,139,137.95,138.8,179
"1973-02-26",138.65,139.4,138.4,139,109
"1973-02-27",139.3,139.55,138.95,139.1,87
"1973-02-28",139.1,140.65,139.1,140.65,152
"1973-03-01",140.7,140.75,140.2,140.65,184
"1973-03-02",140.7,140.7,139.5,140.1,79
"1973-03-03",140.5,140.9,140.05,140.9,111
"1973-03-04",140.65,141.9,140.2,141.9,54
"1973-03-05",142.45,142.95,141.7,141.7,73
"1973-03-06",141.85,142.65,141.55,142.65,53
"1973-03-07",142.85,143.25,142.6,142.75,69
"1973-03-08",142.85,142.85,141.85,142.85,119
"1973-03-09",142.85,143.45,142.85,143.15,90
"1973-03-10",143.15,143.2,142.05,142.85,159
"1973-03-11",142.45,142.55,140.85,141.25,156
"1973-03-12",141.3,142.35,141.3,142.25,60
"1973-03-13",142.4,142.45,142.05,142.2,64
"1973-03-14",141.95,142.15,141.5,141.95,60
"1973-03-15",141.65,142.4,141.65,142.25,79
"1973-03-16",142.05,142.45,141.85,142.45,84
"1973-03-17",142.55,144.15,142.55,143.95,226
"1973-03-18",144.15,145.05,144.15,144.65,269
"1973-03-19",144.95,147.15,144.95,145.85,251
"1973-03-20",145.75,146.05,144.95,146.05,146
"1973-03-21",145.45,145.65,145.2,145.45,67
"1973-03-22",145.2,146.45,145.15,146.45,120
"1973-03-23",146.65,147.45,145.45,146.1,156
"1973-03-24",145.55,145.95,144.75,145.95,89
"1973-03-25",145.55,146.75,145.45,146.7,121
"1973-03-26",146.85,146.95,146.05,146.3,86
"1973-03-27",145.95,146.95,145.95,146.95,113
"1973-03-28",147.25,147.35,146.35,146.65,150
"1973-03-29",146.35,147.8,146.35,146.8,90
"1973-03-30",147.3,147.3,146.85,146.85,54
"1973-03-31",146.6,147,145.8,145.85,92
"1973-04-01",145.55,146.4,145.55,146.35,50
"1973-04-02",146.45,148.15,146.25,147.85,150
"1973-04-03",142.85,142.85,142.85,142.85,49
"1973-04-04",137.85,138.55,137.85,137.85,308
"1973-04-05",138.85,138.85,137.85,138.05,170
"1973-04-06",138.15,138.5,136.85,136.85,105
"1973-04-07",136.85,137.05,135.35,136.05,132
"1973-04-08",136.25,136.55,136.05,136.55,63
"1973-04-09",136.95,136.95,136.45,136.5,66
"1973-04-10",136.35,136.95,136.35,136.95,71
"1973-04-11",136.85,136.85,136.35,136.45,8
"1973-04-12",136.55,136.7,136.45,136.55,31
"1973-04-13",137.2,137.45,136.95,137.4,33
"1973-04-14",137.4,137.4,136.95,136.95,8
"1973-04-15",136.95,137.1,136.7,136.8,71
"1973-04-16",136.55,136.65,136.35,136.35,44
"1973-04-17",136,137,136,137,54
"1973-04-18",137.35,138.15,137.05,137.65,216
"1973-04-19",137.5,137.5,137,137.25,211
"1973-04-20",137.3,137.55,135.85,135.85,346
"1973-04-21",135.25,135.45,134.85,134.85,439
"1973-04-22",134.45,135.7,134.35,135.6,273
"1973-04-23",135.75,136.95,135.75,136.85,149
"1973-04-24",137.15,137.15,136.35,136.65,142
"1973-04-25",136.5,136.85,136.25,136.85,107
"1973-04-26",137.25,138.05,137.1,137.45,352
"1973-04-27",137.5,137.95,137.35,137.5,145
"1973-04-28",137.15,137.25,136.85,136.85,121
"1973-04-29",136.9,136.9,135.5,136.05,306
"1973-04-30",135,137.25,134.8,134.95,201
"1973-05-01",134.8,135,134.35,135,172
"1973-05-02",134.25,134.25,132.25,132.25,376
"1973-05-03",131.8,132.95,130.65,132.05,291
"1973-05-04",131.9,133.15,131.9,132.75,96
"1973-05-05",132.45,133,132.25,132.35,101
"1973-05-06",133,133,130.4,130.95,215
"1973-05-07",131,131.75,130.05,131.75,241
"1973-05-08",131.65,132.25,131.55,131.55,138
"1973-05-09",131.55,131.55,128.95,128.95,248
"1973-05-10",128.55,128.55,127.25,128,221
"1973-05-11",128.6,128.6,127.75,128.15,108
"1973-05-12",128.25,128.35,127.25,127.35,207
"1973-05-13",127.25,127.45,126,126.25,375
"1973-05-14",126.25,129.95,123.9,124.55,495
"1973-05-15",124.5,126,124.5,125.55,92
"1973-05-16",125.65,127.45,125.55,126.25,81
"1973-05-17",125.75,126.25,125.4,125.85,71
"1973-05-18",127,127.55,126.85,127.35,111
"1973-05-19",128.05,129.25,128,129.15,102
"1973-05-20",129.15,129.15,127.85,128.15,121
"1973-05-21",127.7,127.95,127.35,127.85,161
"1973-05-22",127.65,128.15,127.65,127.85,131
"1973-05-23",128.65,128.7,127.95,128.2,86
"1973-05-24",126.75,126.8,123.2,124.15,208
"1973-05-25",122.5,122.5,121,121.5,365
"1973-05-26",122.25,122.45,121.65,121.65,206
"1973-05-27",122.4,123.5,121.55,121.6,739
"1973-05-28",121.85,126.4,121.3,125.05,1099
"1973-05-29",123.4,123.4,122.4,122.95,745
"1973-05-30",123.15,123.15,121.75,122.3,669
"1973-05-31",121.75,122.3,121.2,121.6,679
"1973-06-01",126.4,126.6,126.3,126.6,798
"1973-06-02",131.6,131.6,131.6,131.6,132
"1973-06-03",136.6,136.6,136.6,136.6,106
"1973-06-04",144.6,144.6,144.6,144.6,169
"1973-06-05",152.6,152.6,152.6,152.6,753
"1973-06-06",155.4,160.6,154.6,158.4,2622
"1973-06-07",158.3,159.3,156.55,158.5,1738
"1973-06-08",159.15,160.6,157.65,159.5,1023
"1973-06-09",158.1,158.4,157,157.25,1216
"1973-06-10",158.4,160.1,158.15,160,884
"1973-06-11",163,165,163,165,522
"1973-06-12",166.9,169.15,161.65,162.8,918
"1973-06-13",162.65,165.7,162.4,165.15,589
"1973-06-14",165.15,167.3,161.9,167.2,1091
"1973-06-15",167.95,169.7,166.6,169.65,407
"1973-06-16",174.65,174.65,174.65,174.65,109
"1973-06-17",174.7,178.35,172.7,177.05,878
"1973-06-18",172.05,175.15,172.05,172.05,549
"1973-06-19",172.75,176.65,172.4,176.3,517
"1973-06-20",177.2,180.4,176.4,179.05,637
"1973-06-21",174.9,175.9,174.05,174.05,188
"1973-06-22",173.4,178.5,173.1,175.65,450
"1973-06-23",175.15,175.4,173.05,174,458
"1973-06-24",176.4,179,175.3,176.8,492
"1973-06-25",175.8,175.8,172.9,173.6,348
"1973-06-26",178.6,178.6,178.6,178.6,22
"1973-06-27",183.1,183.1,179.4,180,414
"1973-06-28",179.4,180.4,178,180.4,172
"1973-06-29",180.65,181.9,179.6,181.85,249
"1973-06-30",182.9,183.15,178.6,181,209
"1973-07-01",180,180,177.65,178.1,124
"1973-07-02",176.6,177,175.65,177,443
"1973-07-03",176.6,176.6,172,172,756
"1973-07-04",171.4,173.65,170.15,171.9,562
"1973-07-05",171.5,172.25,169,170.05,818
"1973-07-06",171.55,175.05,171.5,175.05,853
"1973-07-07",174.8,175.7,171.8,173.2,920
"1973-07-08",173.45,174.5,173.1,174.05,556
"1973-07-09",174.6,178,174.6,177,1016
"1973-07-10",177,177.4,175.6,176.55,486
"1973-07-11",177.5,179.45,176.1,176.35,928
"1973-07-12",171.35,172.7,171.35,171.35,1298
"1973-07-13",171.7,172.2,168.6,170.7,1173
"1973-07-14",172.5,172.9,170,170.2,801
"1973-07-15",169.6,170,165.2,165.2,1176
"1973-07-16",165.4,165.5,160.3,164.1,1449
"1973-07-17",166.5,169.1,166,169.1,1283
"1973-07-18",170.4,171.4,165.1,165.95,1060
"1973-07-19",162.5,165,162.05,164.15,981
"1973-07-20",164.5,167.4,164.5,165.15,479
"1973-07-21",164.9,168.5,164.2,168.2,712
"1973-07-22",169.2,173.2,168.7,173.2,889
"1973-07-23",174.9,178.2,174.9,178.1,1062
"1973-07-24",175.2,176,173.6,176,758
"1973-07-25",179.5,181,178.5,181,870
"1973-07-26",181.1,183.7,180,183.2,1654
"1973-07-27",181.8,183,178.5,178.85,782
"1973-07-28",177.5,183.1,177.5,182.25,774
"1973-07-29",184.7,186.4,184.2,185.8,992
"1973-07-30",185,188.6,185,187.75,1012
"1973-07-31",187.1,187.1,183,186.5,668
"1973-08-01",186.5,187,181.75,181.8,683
"1973-08-02",182.75,185.5,182.5,184,390
"1973-08-03",179.75,181.1,179,179,341
"1973-08-04",174,176.1,174,174.15,393
"1973-08-05",174.2,176.2,169.6,170,565
"1973-08-06",169,172.25,168.7,171.8,221
"1973-08-07",170.75,173,169.5,172.75,131
"1973-08-08",171,171,169.25,170.5,281
"1973-08-09",170.9,173.1,167.2,171.9,552
"1973-08-10",170.5,174,170.5,173.55,249
"1973-08-11",173.1,174.8,172.25,172.5,218
"1973-08-12",173.5,174.1,172.35,174.1,117
"1973-08-13",173.6,175.8,173.6,175.8,163
"1973-08-14",176.1,176.9,175.6,176.35,219
"1973-08-15",175,175.5,171.35,171.35,240
"1973-08-16",170,173.35,168,173.1,542
"1973-08-17",173.95,175.55,173.95,175.2,881
"1973-08-18",174.3,174.85,171.05,174.65,600
"1973-08-19",173.3,174.5,171.95,174.5,538
"1973-08-20",176.5,178.25,175.95,176.35,1507
"1973-08-21",176.4,176.95,174.95,176.75,747
"1973-08-22",174.75,176.55,174.75,175.5,541
"1973-08-23",173.95,175.6,173.5,173.6,537
"1973-08-24",175.95,176.15,174.25,175.35,564
"1973-08-25",174.65,174.9,172.05,173.45,725
"1973-08-26",171.95,173.95,171,173.9,632
"1973-08-27",173.25,174.65,172.2,172.8,558
"1973-08-28",171.65,172.1,169.95,171.1,574
"1973-08-29",171.35,171.5,166.1,166.1,1610
"1973-08-30",164.45,166.95,163,163.55,1654
"1973-08-31",163.05,165.9,163.05,164.95,912
"1973-09-01",166.95,167.35,165.85,166.8,653
"1973-09-02",165.25,165.95,163.05,164.75,600
"1973-09-03",165.55,169.35,165.05,169.3,1162
"1973-09-04",170.05,173.85,170.05,172.7,1314
"1973-09-05",174.7,175.7,174.2,175.35,1566
"1973-09-06",173.65,175.2,171.5,172.5,653
"1973-09-07",169.45,171.7,169.45,170.05,426
"1973-09-08",170.45,171.45,169.75,170.85,423
"1973-09-09",169.95,171.45,168.25,171.35,609
"1973-09-10",168.75,168.95,166.35,166.4,969
"1973-09-11",165.05,167.65,165,165.95,541
"1973-09-12",165.95,166.15,162.55,162.9,715
"1973-09-13",162.45,162.45,160.05,160.1,1075
"1973-09-14",161.45,165.1,160.7,165.1,657
"1973-09-15",166.45,168.55,160.1,164.5,785
"1973-09-16",162.95,164.55,161.2,161.45,546
"1973-09-17",161.2,162.85,160.55,162.75,345
"1973-09-18",162.35,162.35,159.95,160.75,384
"1973-09-19",161.45,162.75,160.25,162.1,301
"1973-09-20",161.35,162.45,160.95,162.2,249
"1973-09-21",162.45,162.45,161.45,161.9,172
"1973-09-22",161.95,164.45,161.95,163.55,565
"1973-09-23",163.45,163.45,161.25,162.55,321
"1973-09-24",162.7,163.15,159.95,159.95,488
"1973-09-25",159.45,159.45,154.95,154.95,853
"1973-09-26",155.2,156.35,154.45,154.95,373
"1973-09-27",155.25,155.7,151.95,152.7,408
"1973-09-28",152.4,154.1,152.4,153.1,725
"1973-09-29",153.1,154.8,152.2,153.4,772
"1973-09-30",150.7,151.45,148.4,148.4,949
"1973-10-01",149.2,150.7,148.95,149.5,836
"1973-10-02",149.5,152.4,149.25,152.3,732
"1973-10-03",152.8,153.7,150.8,151.6,1314
"1973-10-04",152.7,156.6,152.7,154.35,2024
"1973-10-05",155.9,158.2,152.8,157.35,1388
"1973-10-06",156.7,156.7,154.3,155.05,926
"1973-10-07",153.75,154.7,152.5,153.8,735
"1973-10-08",154.3,155.6,153.75,153.95,551
"1973-10-09",154.2,154.45,149.7,149.85,969
"1973-10-10",148.3,151.7,147.2,151.4,1452
"1973-10-11",151.4,152.7,149.75,151.25,1192
"1973-10-12",151.1,151.6,150.5,151.05,293
"1973-10-13",150.5,154,149.35,153.95,918
"1973-10-14",155.95,157.7,155.1,157.65,1449
"1973-10-15",158.7,159.2,153.2,154.7,867
"1973-10-16",154.7,159.7,154.3,159.7,1202
"1973-10-17",158.7,159.4,157.2,158.15,762
"1973-10-18",157.2,157.65,155.3,156,523
"1973-10-19",154.9,157.95,154.9,157.1,550
"1973-10-20",157.2,157.4,153.7,154.5,730
"1973-10-21",152.3,156.5,152.3,156.15,603
"1973-10-22",155.05,159.9,154.9,158.55,1876
"1973-10-23",159.1,159.1,155.8,156.35,633
"1973-10-24",156.7,157.6,155.75,156.9,375
"1973-10-25",157.7,158.4,155.9,157.35,531
"1973-10-26",157.6,157.9,155.9,156.7,415
"1973-10-27",156.3,156.8,155.3,155.6,272
"1973-10-28",154.7,155.2,153.2,153.6,439
"1973-10-29",152.8,153.7,150.7,151.5,789
"1973-10-30",152.2,152.5,150.8,151.4,419
"1973-10-31",149.85,150.7,148.2,148.4,877
"1973-11-01",147.2,149.5,147.2,148.85,552
"1973-11-02",148.3,149.4,147.9,148.1,219
"1973-11-03",147.2,148.9,147.2,147.3,330
"1973-11-04",146.3,146.4,144.7,144.8,491
"1973-11-05",144.4,145.9,143.9,145.7,736
"1973-11-06",145.7,145.8,143,143.4,639
"1973-11-07",142.95,144.3,142.95,143.25,356
"1973-11-08",143.9,147.2,143.4,146.8,523
"1973-11-09",146.8,146.8,145.2,146.2,464
"1973-11-10",147.85,148.85,147.75,148.85,828
"1973-11-11",149.75,150.05,147.55,147.65,505
"1973-11-12",147.95,148.25,145.25,145.65,525
"1973-11-13",145.05,146.45,144.85,146.1,282
"1973-11-14",146.7,146.7,145.35,146.35,301
"1973-11-15",146.7,149.6,146.05,148.75,678
"1973-11-16",149.3,149.75,147.75,148.6,459
"1973-11-17",148.95,149.7,148.95,149.2,579
"1973-11-18",149.25,149.25,147.25,148.65,296
"1973-11-19",148.65,149.2,147.95,148.2,325
"1973-11-20",147.7,147.85,144.85,145.45,851
"1973-11-21",145.45,146.9,145,146.75,584
"1973-11-22",145.95,146.2,145.2,146.2,311
"1973-11-23",146.45,149.45,145.7,149.2,783
"1973-11-24",148.65,151.3,148.3,150.4,990
"1973-11-25",150.05,150.05,148.65,149.25,370
"1973-11-26",149.65,151.25,148.8,150.85,372
"1973-11-27",150.75,150.75,148.55,149.65,389
"1973-11-28",148.55,148.75,145.95,148.7,469
"1973-11-29",148.6,149.2,147.95,148.6,192
"1973-11-30",148.2,149.15,147.85,149.1,117
"1973-12-01",149.25,149.3,148.55,149,119
"1973-12-02",149.15,150,149.1,149.45,150
"1973-12-03",150.2,151.15,149.65,150.75,290
"1973-12-04",150.75,150.95,149.65,150.35,224
"1973-12-05",150.15,150.55,149.15,149.5,98
"1973-12-06",149.4,149.45,148.95,149.4,106
"1973-12-07",149.85,149.85,148.55,149.45,487
"1973-12-08",144.45,144.95,144.45,144.45,288
"1973-12-09",143.95,144.25,140.85,140.95,786
"1973-12-10",135.95,135.95,135.95,135.95,234
"1973-12-11",136.45,136.95,134.05,135.6,584
"1973-12-12",136.2,136.7,134.95,136.05,287
"1973-12-13",135.7,136.2,133.35,133.65,334
"1973-12-14",134.2,134.65,134,134.45,205
"1973-12-15",134.95,135.15,134.25,134.4,177
"1973-12-16",134.15,134.15,131.5,131.5,299
"1973-12-17",131.45,132.9,131.45,132.05,178
"1973-12-18",132.75,136.75,132.65,135.95,427
"1973-12-19",135.75,135.75,134.25,134.45,151
"1973-12-20",134.7,134.7,133.65,134.45,142
"1973-12-21",134.85,136.1,133.65,135.05,197
"1973-12-22",135.05,136.85,134.45,136.55,151
"1973-12-23",137.15,137.15,134.5,134.5,419
"1973-12-24",134.35,138.05,134.35,136.4,591
"1973-12-25",136.75,137.35,135.4,136.05,302
"1973-12-26",136,140.5,135.35,139.1,1273
"1973-12-27",138.3,138.35,136.35,137,732
"1973-12-28",134.25,134.95,133.25,133.7,740
"1973-12-29",133.05,134.45,132.75,133.35,461
"1973-12-30",133.45,135.7,133.45,135.25,529
"1973-12-31",135.45,136.15,135,136,370
"1974-01-01",136.65,138.65,136.65,138.4,807
"1974-01-02",138.6,140.05,137.25,138.3,928
"1974-01-03",138.35,139.85,138.25,139.55,306
"1974-01-04",139.05,139.25,138,139.1,271
"1974-01-05",138.6,139.55,137.6,138.05,507
"1974-01-06",139.25,140.05,137.55,137.8,776
"1974-01-07",138.5,139.75,138.5,139.15,338
"1974-01-08",139.55,139.75,138.85,139.4,280
"1974-01-09",138.15,139.45,138.15,139.1,263
"1974-01-10",138.45,139.35,138.45,139.3,93
"1974-01-11",139.45,142.45,139.35,141.4,1459
"1974-01-12",141.45,141.75,140.95,141.7,541
"1974-01-13",141.55,143,141.05,142,815
"1974-01-14",142.55,143.3,142.45,142.7,623
"1974-01-15",142,142,140.35,140.7,404
"1974-01-16",140,140.05,139,139.45,308
"1974-01-17",139.55,141.05,139.55,140.4,405
"1974-01-18",140.65,140.75,140.1,140.3,328
"1974-01-19",139.1,141.1,138.15,138.9,677
"1974-01-20",137.85,140.85,137.8,140.75,508
"1974-01-21",137.75,139.35,137.75,138.2,476
"1974-01-22",139.25,140.75,138.85,140.4,460
"1974-01-23",141,141.65,139.95,140.45,436
"1974-01-24",145.45,145.45,144.65,145.45,574
"1974-01-25",145.25,145.75,141.05,141.35,1509
"1974-01-26",137.25,139.1,137.25,137.4,799
"1974-01-27",136.75,137.75,133.85,134.1,538
"1974-01-28",135,135.9,134.35,134.75,303
"1974-01-29",133.1,133.1,131.2,131.75,402
"1974-01-30",132.45,132.75,131.5,132.65,373
"1974-01-31",133,133.65,132.15,132.25,277
"1974-02-01",132.65,133.25,132.5,132.95,265
"1974-02-02",131.2,131.5,130.2,130.95,585
"1974-02-03",131.2,132.5,131.2,131.9,366
"1974-02-04",132.6,135.6,132.5,135.35,775
"1974-02-05",134.7,136,134,134.25,570
"1974-02-06",135.6,137.2,135.6,136.1,1104
"1974-02-07",141.1,141.1,141.1,141.1,172
"1974-02-08",146.1,146.1,146.1,146.1,34
"1974-02-09",151.1,151.1,151.1,151.1,4
"1974-02-10",159.1,159.1,159.1,159.1,20
"1974-02-11",167.1,167.1,167.1,167.1,314
"1974-02-12",162.2,163.7,159.1,159.1,2036
"1974-02-13",157.8,160.2,157.8,159.45,1577
"1974-02-14",160,163,159.7,161.7,975
"1974-02-15",163.2,164.6,162.5,163.05,764
"1974-02-16",163.65,164.45,162.4,163.5,661
"1974-02-17",163.8,164.1,159.9,159.95,509
"1974-02-18",159,159.6,156.3,156.45,800
"1974-02-19",157.2,159.1,157.2,157.9,517
"1974-02-20",159.45,159.85,158.6,159.45,371
"1974-02-21",158.2,158.9,154.95,154.95,720
"1974-02-22",153.95,154.2,150.2,151.95,660
"1974-02-23",153.7,153.7,152.2,153,205
"1974-02-24",152.9,155.3,152.9,154.05,348
"1974-02-25",153.3,153.65,152.7,152.85,210
"1974-02-26",153.4,154.1,152.2,152.45,303
"1974-02-27",152.45,152.45,150.9,151.6,405
"1974-02-28",150.9,151.2,148,148.35,537
"1974-03-01",149.45,150.1,148.2,149.95,276
"1974-03-02",147.95,148.55,144.95,144.95,675
"1974-03-03",144.4,144.4,142.45,143.25,568
"1974-03-04",142.95,144.7,142.95,143.65,459
"1974-03-05",144.45,144.45,139.9,140.95,591
"1974-03-06",140.7,143.2,140.7,141.9,320
"1974-03-07",142.65,142.65,141.4,141.55,147
"1974-03-08",141.7,141.7,138.8,138.8,366
"1974-03-09",138.4,139.7,138.4,139.7,265
"1974-03-10",140,142.4,139.9,140.3,268
"1974-03-11",140.4,140.45,138.7,138.9,333
"1974-03-12",138.2,138.2,137.3,138.1,386
"1974-03-13",137.95,138.8,137.95,138.7,253
"1974-03-14",139.05,140.6,139.05,140.35,319
"1974-03-15",140.35,140.35,139.2,139.45,234
"1974-03-16",139.45,139.45,138.35,138.35,294
"1974-03-17",137.25,138.1,137,137.9,519
"1974-03-18",138.6,138.6,137.3,138.4,302
"1974-03-19",138.05,139.8,138,139.7,273
"1974-03-20",140.3,140.8,138.2,138.8,438
"1974-03-21",135.3,135.7,133.8,133.8,881
"1974-03-22",132.8,132.9,129.3,129.65,851
"1974-03-23",129.65,131.25,129.65,130.8,246
"1974-03-24",130.8,131.9,129.9,130,453
"1974-03-25",130.1,130.5,125,125,686
"1974-03-26",126.3,127.6,125.8,126.2,476
"1974-03-27",126.1,126.1,123.3,124,392
"1974-03-28",125.3,125.3,123.3,124.8,288
"1974-03-29",125.4,126.7,124.8,125.75,342
"1974-03-30",125,125,120.75,122.65,715
"1974-03-31",122.15,123,121,121.15,435
"1974-04-01",118.55,119.7,117.35,117.55,401
"1974-04-02",118,120.2,114.5,120.1,529
"1974-04-03",121.45,125.1,120.8,124.4,969
"1974-04-04",123.3,124.1,121.3,122.9,439
"1974-04-05",123.3,123.4,121.3,122.55,388
"1974-04-06",123.05,126.7,123.05,126.7,426
"1974-04-07",125.8,128.3,125.7,126.65,364
"1974-04-08",126.7,126.7,124.7,125.1,120
"1974-04-09",124.3,124.7,123.05,123.9,162
"1974-04-10",124.3,125.5,123.9,124.5,87
"1974-04-11",123.7,124.2,122.3,122.65,202
"1974-04-12",122.8,123.9,122.3,123.4,133
"1974-04-13",123.9,124.75,123.4,124.5,149
"1974-04-14",124.75,126.3,124.5,125.25,277
"1974-04-15",124.8,124.9,122.8,122.85,191
"1974-04-16",120.3,120.8,118.95,118.95,213
"1974-04-17",119.3,120.4,119.3,119.8,258
"1974-04-18",119.15,120.7,118.7,120.7,142
"1974-04-19",120.4,121.5,120.2,120.6,99
"1974-04-20",121.05,122.9,120.9,121.9,216
"1974-04-21",122.35,123.8,122.35,123.8,169
"1974-04-22",124.2,124.2,122.2,122.4,171
"1974-04-23",122,122.6,121.35,122.5,54
"1974-04-24",121.8,122.5,121.8,122.05,46
"1974-04-25",120.9,121.8,120.3,121.1,150
"1974-04-26",121.3,122.35,121.25,121.45,168
"1974-04-27",121.25,121.95,121.25,121.55,66
"1974-04-28",121.25,121.7,121.25,121.65,106
"1974-04-29",121.65,123.15,121.6,123.1,290
"1974-04-30",123.15,124.35,122.25,123.7,392
"1974-05-01",123.5,123.6,122.85,123.2,137
"1974-05-02",123.55,127.15,123.15,127,882
"1974-05-03",127.4,127.8,126.45,126.85,611
"1974-05-04",126.65,126.65,124.95,124.95,472
"1974-05-05",124.25,125.35,124.2,124.9,311
"1974-05-06",124.7,125.45,124.2,125.4,212
"1974-05-07",125.1,126.45,125.05,126.25,192
"1974-05-08",125.75,126.05,125.2,125.5,86
"1974-05-09",124.45,124.95,121.45,121.65,996
"1974-05-10",120.95,122.9,120.95,122.4,427
"1974-05-11",121.95,122.75,120.95,122.6,311
"1974-05-12",121.65,122.25,121.15,121.75,282
"1974-05-13",121.65,122.15,120.95,122,235
"1974-05-14",122.25,123.05,122.2,123,283
"1974-05-15",122.2,122.65,121.7,122.15,170
"1974-05-16",120.65,120.75,118.5,119,752
"1974-05-17",119.2,119.85,118.35,119,480
"1974-05-18",118.45,118.85,115.6,116.95,871
"1974-05-19",117.45,118.65,116.95,117.55,419
"1974-05-20",118.65,118.65,116.15,117.45,365
"1974-05-21",117.85,119.4,117.15,118.35,445
"1974-05-22",118.55,121,118.55,120.4,855
"1974-05-23",120.65,121.35,119.7,119.7,204
"1974-05-24",120.3,121.25,119.55,120.95,273
"1974-05-25",120.25,120.25,117.85,118.2,520
"1974-05-26",118.1,120.05,118.1,119.6,263
"1974-05-27",118.85,120.25,118.85,119.55,189
"1974-05-28",118.05,118.85,117.45,117.95,298
"1974-05-29",118.45,119.05,118.05,118.05,137
"1974-05-30",117.65,122.85,117.2,122.7,481
"1974-05-31",123.45,123.55,121.65,122.95,533
"1974-06-01",122.95,123.3,121.95,122.45,152
"1974-06-02",122.7,122.7,121.45,121.95,136
"1974-06-03",122.45,122.95,121.85,122.7,85
"1974-06-04",122.15,124.35,122.15,124.25,281
"1974-06-05",124.05,125.95,124.05,125.95,231
"1974-06-06",125.85,127.05,125.25,125.25,185
"1974-06-07",124.8,125.3,123.5,124.55,476
"1974-06-08",125.3,125.4,124,125,138
"1974-06-09",123.6,124.6,122.55,123.1,256
"1974-06-10",122.95,123.8,122.6,123.6,582
"1974-06-11",123.2,126.75,123.2,126.45,609
"1974-06-12",126.45,127,125.6,126.2,498
"1974-06-13",126.7,128,126.5,127.15,370
"1974-06-14",127.55,129.9,127.3,129.75,1243
"1974-06-15",129.15,129.15,127.9,128.65,340
"1974-06-16",128.3,128.9,127.3,127.55,366
"1974-06-17",127,129.6,127,129,270
"1974-06-18",129,129.1,127.1,127.45,335
"1974-06-19",126.45,128.8,126.4,128.8,425
"1974-06-20",128.8,129.25,128.3,128.65,134
"1974-06-21",128.35,129.3,127.7,127.9,214
"1974-06-22",128.8,129.1,126.8,127.3,279
"1974-06-23",126.85,127.9,126.55,127.55,157
"1974-06-24",127.55,127.55,126.7,126.7,222
"1974-06-25",126.4,127.05,126.4,126.45,258
"1974-06-26",126.4,128.8,126.4,128.6,470
"1974-06-27",128.85,130.4,128.85,129.7,595
"1974-06-28",129.7,130,128.9,129.15,187
"1974-06-29",129.05,129.8,128.95,129.8,89
"1974-06-30",129.8,130,128.25,128.65,479
"1974-07-01",128.4,128.4,127.35,128.25,344
"1974-07-02",127.4,129.7,127.4,128.2,257
"1974-07-03",127.35,129.05,126.9,128.3,216
"1974-07-04",127.8,129.2,125.8,126.6,990
"1974-07-05",125.9,126.95,125.45,126.5,364
"1974-07-06",126.4,129.1,126.4,128.95,348
"1974-07-07",129.5,129.9,128.8,129.85,400
"1974-07-08",129.9,131.6,129.1,131.4,602
"1974-07-09",131.5,131.5,130.4,130.75,138
"1974-07-10",131.2,131.4,131.05,131.2,159
"1974-07-11",130.9,132.45,130.9,132.4,201
"1974-07-12",132.75,132.75,132.1,132.55,78
"1974-07-13",132.45,132.95,132.45,132.95,168
"1974-07-14",132.75,133.8,132.7,133.25,218
"1974-07-15",133.4,134,132.2,133.85,238
"1974-07-16",133.8,133.8,133.2,133.75,129
"1974-07-17",133.3,133.3,129.9,129.95,450
"1974-07-18",129.8,132.3,129.8,132.2,288
"1974-07-19",131.2,132.4,131.2,131.95,131
"1974-07-20",132.15,132.45,130.75,130.75,159
"1974-07-21",130.55,131.65,130.25,131.4,105
"1974-07-22",131.45,131.8,129.45,129.9,218
"1974-07-23",129.65,129.85,128.55,129.55,251
"1974-07-24",129.35,130.15,129.2,129.55,77
"1974-07-25",129.6,130.95,129.45,130.45,129
"1974-07-26",130.35,130.35,128.95,129.15,154
"1974-07-27",128.75,129.55,128.05,129.05,154
"1974-07-28",128.3,129.05,127.55,127.55,207
"1974-07-29",127.55,127.65,126.55,126.7,231
"1974-07-30",126.3,127.5,125.85,127.45,231
"1974-07-31",127.35,127.55,125.55,126.45,146
"1974-08-01",125.15,125.45,124.65,125.15,150
"1974-08-02",125.05,125.8,125.05,125.15,83
"1974-08-03",125.85,127.15,125.75,127.05,100
"1974-08-04",127.05,127.3,126.6,126.75,40
"1974-08-05",126.15,126.85,126.1,126.15,76
"1974-08-06",126.55,126.55,125.55,125.85,29
"1974-08-07",126.3,127.35,126.3,127.05,95
"1974-08-08",127.1,127.25,126.65,126.75,38
"1974-08-09",127.05,127.05,126.15,126.6,18
"1974-08-10",126.65,127,126.55,126.8,18
"1974-08-11",126.35,126.45,125.25,125.4,121
"1974-08-12",125.75,126.75,125.75,126.35,51
"1974-08-13",126.75,127.1,126.35,126.35,41
"1974-08-14",126.65,127.05,126.35,126.85,34
"1974-08-15",126.95,127.05,126.15,126.8,71
"1974-08-16",127.15,127.35,126.55,127.1,62
"1974-08-17",127.55,127.55,126.55,126.55,148
"1974-08-18",123.45,123.95,122.55,123.1,236
"1974-08-19",123.05,123.55,122.65,123.55,99
"1974-08-20",123.4,124.65,123.4,124.4,34
"1974-08-21",124.05,125.15,123.75,124.95,79
"1974-08-22",124.85,125.2,124.2,124.2,28
"1974-08-23",124.75,125.05,123.85,125.05,28
"1974-08-24",125.55,125.55,125.05,125.1,32
"1974-08-25",125.25,125.25,124.65,124.65,19
"1974-08-26",124.35,125.35,124.35,124.85,41
"1974-08-27",125.05,125.25,124.55,124.95,26
"1974-08-28",124.6,124.8,123.9,123.9,89
"1974-08-29",123.9,124.85,123.05,123.05,58
"1974-08-30",123.05,123.45,122.35,123.35,202
"1974-08-31",125.75,125.95,124.1,124.65,408
"1974-09-01",124.65,124.8,123.8,124.4,295
"1974-09-02",125,125,124.4,124.55,198
"1974-09-03",124.95,125.25,124.55,125.2,256
"1974-09-04",125.45,125.75,125.1,125.25,184
"1974-09-05",125.8,125.85,125.25,125.35,153
"1974-09-06",125.25,125.3,124.1,124.25,181
"1974-09-07",123.55,123.85,123.05,123.3,310
"1974-09-08",122.6,124.05,122.5,123.45,332
"1974-09-09",123.45,124.5,123.3,123.7,213
"1974-09-10",123.95,124.05,122.95,124.05,206
"1974-09-11",124.05,124.15,123.35,123.9,37
"1974-09-12",124.45,124.8,124.05,124.4,129
"1974-09-13",124.4,124.4,123.6,123.6,83
"1974-09-14",123.55,124.05,123.4,123.65,74
"1974-09-15",123.55,124.25,123.25,123.35,142
"1974-09-16",123.25,123.75,123.25,123.45,64
"1974-09-17",123.15,123.55,123.05,123.45,51
"1974-09-18",123.5,123.55,122.85,123.35,204
"1974-09-19",123.75,124.15,123.4,124.05,134
"1974-09-20",124.2,124.55,123.85,124.45,503
"1974-09-21",124.65,125,124.35,124.7,155
"1974-09-22",124.45,124.7,124.1,124.35,113
"1974-09-23",124.55,124.55,123.25,123.25,135
"1974-09-24",123.25,123.85,123.1,123.45,135
"1974-09-25",123.5,126.45,123.35,126.05,466
"1974-09-26",125.95,126,125.1,125.1,171
"1974-09-27",125.1,125.8,125.05,125.45,199
"1974-09-28",124.45,124.55,123.45,123.55,201
"1974-09-29",123.05,124.05,123.05,123.75,166
"1974-09-30",123.45,123.55,123.1,123.35,119
"1974-10-01",123.65,124.35,123.55,124.1,97
"1974-10-02",123.95,124.2,123.6,123.75,131
"1974-10-03",123.75,123.95,123.35,123.65,99
"1974-10-04",123.45,123.6,123.1,123.2,185
"1974-10-05",123.05,123.1,122.3,122.4,246
"1974-10-06",121.85,121.85,120.65,121.7,224
"1974-10-07",121.05,121.35,118.35,119.4,553
"1974-10-08",119.55,120,119.45,119.95,205
"1974-10-09",119.8,120.05,119.35,119.55,250
"1974-10-10",119.25,119.25,117.85,117.95,262
"1974-10-11",115.9,116.1,113,113.15,1477
"1974-10-12",113.1,114,112,113.9,821
"1974-10-13",113.9,114,112,112.8,610
"1974-10-14",112.7,113.3,112.2,112.65,394
"1974-10-15",112.9,113.1,109.1,110.15,1169
"1974-10-16",110.8,111.85,110.3,111.45,558
"1974-10-17",112.45,112.8,112.15,112.45,599
"1974-10-18",111.95,112.55,111.3,111.7,770
"1974-10-19",112.9,115.2,112.55,113.8,1304
"1974-10-20",118.8,118.8,116.1,117.3,1931
"1974-10-21",112.3,112.3,112.3,112.3,367
"1974-10-22",109.4,110.9,107.55,107.85,1684
"1974-10-23",107.55,107.8,104.8,105.2,1673
"1974-10-24",105.1,108.3,104.5,107.3,995
"1974-10-25",106.5,106.7,105.1,105.7,623
"1974-10-26",103.8,104,102.9,103.05,742
"1974-10-27",103.35,104.75,103.35,104.35,418
"1974-10-28",104.25,104.7,103.95,104.6,292
"1974-10-29",104.8,105.9,104.7,105.3,257
"1974-10-30",105.55,106.25,104.3,104.4,300
"1974-10-31",103.8,104.7,103.6,104.55,280
"1974-11-01",104.15,105.45,104.1,105.4,267
"1974-11-02",105.35,106.7,105.35,105.5,433
"1974-11-03",105.85,105.9,102.1,103.85,588
"1974-11-04",104.3,104.85,103.8,103.9,202
"1974-11-05",104.3,104.3,102.4,102.65,346
"1974-11-06",102.8,103.15,102.1,102.25,286
"1974-11-07",101.8,101.8,100.2,100.3,798
"1974-11-08",99.8,101.5,99.8,101.3,306
"1974-11-09",101.3,103.3,101.05,102.45,632
"1974-11-10",102.75,103.3,101.9,102.15,352
"1974-11-11",101.9,102.9,101.9,102.85,234
"1974-11-12",103.3,104.2,103.2,104.1,296
"1974-11-13",104.4,107,104.4,106.65,606
"1974-11-14",106.3,108.65,105.5,107.9,724
"1974-11-15",106.6,107.8,106.55,107.8,374
"1974-11-16",108.05,110.1,108.05,109.25,394
"1974-11-17",110,110.05,107.7,108.05,325
"1974-11-18",107.05,108.6,107.05,107.1,341
"1974-11-19",105.7,109.3,105.3,109,401
"1974-11-20",109.35,110.35,109.25,109.65,281
"1974-11-21",109.65,110.05,109.3,109.45,308
"1974-11-22",109.3,109.3,107.45,108.05,285
"1974-11-23",107.55,107.9,107.35,107.35,178
"1974-11-24",107.6,107.75,106.25,106.5,207
"1974-11-25",105.95,108.25,105.95,108.05,325
"1974-11-26",108.65,109.6,108.45,109.4,388
"1974-11-27",109.65,109.75,108.95,109.35,241
"1974-11-28",109.15,109.15,108.3,109.05,213
"1974-11-29",109.15,110.1,109.15,109.45,328
"1974-11-30",109.4,109.45,107.35,107.45,253
"1974-12-01",108.15,108.15,107.7,108,136
"1974-12-02",107.35,109,107.35,108.85,225
"1974-12-03",109.45,109.65,108.25,109.45,226
"1974-12-04",109.45,111.35,109.45,111.2,244
"1974-12-05",111.55,112.5,111.55,111.95,243
"1974-12-06",112.45,113.25,112.15,113,297
"1974-12-07",113.15,113.4,112.4,112.7,211
"1974-12-08",111.95,112.65,111.95,112.4,96
"1974-12-09",111.25,112.35,111.25,112.35,102
"1974-12-10",112.15,112.95,112.05,112.8,88
"1974-12-11",112.8,112.8,112.15,112.75,83
"1974-12-12",113.15,113.35,112.7,113.35,143
"1974-12-13",113.45,113.85,113.45,113.75,69
"1974-12-14",113.4,113.65,112.95,113.45,74
"1974-12-15",113.25,113.25,112.25,112.25,106
"1974-12-16",112.15,112.65,111.75,112.6,63
"1974-12-17",112.25,112.65,112.15,112.65,70
"1974-12-18",112.5,112.95,112.4,112.9,32
"1974-12-19",112.9,113.55,112.25,113.45,166
"1974-12-20",113.4,113.55,112.65,113.2,75
"1974-12-21",113.3,113.75,112.95,113.55,127
"1974-12-22",113.55,114.05,113.55,114.05,166
"1974-12-23",114.15,114.15,113.55,113.85,149
"1974-12-24",113.65,113.65,113.1,113.1,148
"1974-12-25",113.15,113.25,112.85,113.2,87
"1974-12-26",113.1,113.65,113.05,113.35,103
"1974-12-27",112.95,113.25,112.8,112.85,117
"1974-12-28",113,113.55,112.25,112.3,128
"1974-12-29",112.3,112.55,112.15,112.25,108
"1974-12-30",112.35,112.5,112.25,112.35,74
"1974-12-31",112.25,113.05,112.05,112.9,196
"1975-01-01",112.7,113.15,112.25,112.35,187
"1975-01-02",112.35,112.6,111.85,112.15,234
"1975-01-03",111.95,113.05,111.95,112.75,122
"1975-01-04",112.45,113.3,112.45,113.3,121
"1975-01-05",112.95,113.2,112.8,112.8,116
"1975-01-06",113.25,113.3,112.95,113.15,42
"1975-01-07",113.15,114.2,112.95,114,144
"1975-01-08",114.3,114.75,113.75,113.8,93
"1975-01-09",114.5,114.7,113.95,114,73
"1975-01-10",114.45,114.75,114.15,114.75,72
"1975-01-11",114.65,116.1,114.65,116.05,397
"1975-01-12",116.25,117.55,116.1,117.15,246
"1975-01-13",116.95,117.25,116.25,116.45,313
"1975-01-14",116.2,117.25,115.8,117,106
"1975-01-15",117.25,117.25,116.9,116.9,73
"1975-01-16",117.05,118.75,116.95,118.05,195
"1975-01-17",117.75,118.1,117.35,118.1,44
"1975-01-18",117.65,117.95,117.45,117.8,76
"1975-01-19",117.45,118.2,117.45,118.05,109
"1975-01-20",118.05,118.85,118.05,118.25,160
"1975-01-21",118.5,118.55,118.05,118.25,105
"1975-01-22",118,118.1,116.85,117.4,79
"1975-01-23",116.75,117.15,116.55,116.8,73
"1975-01-24",116.75,117.85,116.65,117.15,87
"1975-01-25",117.45,117.55,117.1,117.25,74
"1975-01-26",117.6,118,117.35,117.75,113
"1975-01-27",118.05,118.15,117.25,117.65,95
"1975-01-28",117.95,118.05,117.7,118,98
"1975-01-29",117.85,117.9,117.6,117.7,91
"1975-01-30",117.5,117.55,117.25,117.25,83
"1975-01-31",117.25,117.95,117.25,117.75,110
"1975-02-01",117.75,117.75,117.5,117.7,72
"1975-02-02",117.75,119.25,117.6,118.55,236
"1975-02-03",118.75,120.05,118.75,119.7,96
"1975-02-04",118.75,119.75,118.75,119.55,127
"1975-02-05",119.2,119.2,117.75,118.4,87
"1975-02-06",118.3,118.3,117.3,117.75,37
"1975-02-07",117.9,118,117.45,117.85,163
"1975-02-08",117.75,117.85,117,117.15,118
"1975-02-09",117.15,117.15,116.75,116.85,56
"1975-02-10",116,117.15,115.8,116.85,154
"1975-02-11",116.75,117.25,116.7,117.25,82
"1975-02-12",117.75,117.9,117.25,117.5,45
"1975-02-13",117.55,118.75,117.25,118.75,45
"1975-02-14",119.75,119.9,118.75,119.55,101
"1975-02-15",119.5,119.9,119.15,119.8,81
"1975-02-16",120.1,120.85,120.1,120.75,169
"1975-02-17",120.8,121.9,120.8,121.35,639
"1975-02-18",121.35,121.4,121.15,121.25,135
"1975-02-19",121.35,122.15,121.25,121.25,134
"1975-02-20",121.25,121.8,121,121.4,53
"1975-02-21",121.9,122,121.4,121.4,97
"1975-02-22",121.4,121.4,120.85,121,54
"1975-02-23",121,121.2,120.45,120.7,98
"1975-02-24",120.45,121.1,120.45,121.1,82
"1975-02-25",121.4,121.75,121.4,121.5,54
"1975-02-26",121.65,121.65,121.45,121.6,62
"1975-02-27",121.4,121.6,121.4,121.4,22
"1975-02-28",121.4,121.65,121.25,121.65,56
"1975-03-01",121.6,121.65,121.45,121.6,55
"1975-03-02",121.55,121.65,121.15,121.15,72
"1975-03-03",121.15,121.55,121.15,121.55,85
"1975-03-04",121.15,123.15,121.15,122.4,198
"1975-03-05",122.35,122.4,121.65,121.75,58
"1975-03-06",121.9,121.9,121.4,121.8,20
"1975-03-07",122.7,122.7,121.75,122.15,67
"1975-03-08",122.1,122.8,122.1,122.75,87
"1975-03-09",122.35,122.8,122.35,122.8,50
"1975-03-10",122.65,123.1,122.6,123.1,59
"1975-03-11",123.15,123.4,122.95,123.3,50
"1975-03-12",123.2,123.2,122.4,122.6,104
"1975-03-13",122.6,122.6,121.4,121.9,143
"1975-03-14",121.9,122.3,121.5,122.3,33
"1975-03-15",122.05,122.15,121.1,121.6,63
"1975-03-16",121.4,122.15,121.3,121.95,36
"1975-03-17",122.15,122.45,122.15,122.3,49
"1975-03-18",122.3,122.8,122.3,122.8,20
"1975-03-19",122.65,122.65,122.3,122.5,27
"1975-03-20",122.7,122.9,122.2,122.4,30
"1975-03-21",123.1,123.7,123,123.15,86
"1975-03-22",123.3,123.3,122.6,122.6,59
"1975-03-23",122.6,123.15,122.6,123.1,46
"1975-03-24",122.65,123.05,122.6,122.65,30
"1975-03-25",122.8,123.2,122.8,123.1,96
"1975-03-26",123.15,123.2,122.65,122.95,78
"1975-03-27",122.9,123.15,122.65,123.1,73
"1975-03-28",123.1,123.25,122.9,123.05,120
"1975-03-29",123.05,123.15,122.75,122.75,15
"1975-03-30",123,123,122.65,122.75,14
"1975-03-31",123,123,122.5,122.5,44
"1975-04-01",122.5,122.7,122.5,122.55,34
"1975-04-02",122.55,123.1,122.4,122.9,76
"1975-04-03",122.9,123.4,122.9,123.4,87
"1975-04-04",123.7,125.8,123.7,125.6,204
"1975-04-05",125.2,125.2,124.8,125.15,19
"1975-04-06",125.05,125.05,124.55,124.8,23
"1975-04-07",124.8,124.8,123.8,123.85,36
"1975-04-08",123.7,124.1,123.2,124,71
"1975-04-09",123.3,124,122.8,124,64
"1975-04-10",124.1,125.3,124,125,55
"1975-04-11",124.9,125.4,124.9,125.4,30
"1975-04-12",125.15,125.9,125,125.7,48
"1975-04-13",125.8,126.4,125.55,126.4,72
"1975-04-14",126.4,126.4,125.55,125.55,28
"1975-04-15",125.55,125.55,124.9,124.9,54
"1975-04-16",125.3,125.4,124.9,125.1,19
"1975-04-17",124.9,125.55,124.9,125.55,46
"1975-04-18",125.55,126.1,125.55,125.55,37
"1975-04-19",125.55,125.65,125.35,125.35,60
"1975-04-20",125.65,125.8,125.55,125.6,26
"1975-04-21",125.9,126.1,125.75,125.8,19
"1975-04-22",126,126.1,125.7,125.8,39
"1975-04-23",126.1,127.3,126.1,126.2,72
"1975-04-24",126.4,126.4,125.2,126.05,99
"1975-04-25",126,126.4,125.55,126.4,83
"1975-04-26",126.6,126.9,126,126,95
"1975-04-27",131,131,131,131,83
"1975-04-28",131.8,131.9,130.3,131,256
"1975-04-29",130.8,131.65,130.7,131.65,76
"1975-04-30",131.55,131.8,131.3,131.3,82
"1975-05-01",131.05,133.05,131.05,132.7,73
"1975-05-02",132.1,133.3,132.1,133.15,67
"1975-05-03",132.8,133.1,132.8,132.9,12
"1975-05-04",133,133.1,132.6,132.6,41
"1975-05-05",132.55,133.2,132.55,133.2,70
"1975-05-06",133.2,134.8,133.2,134.8,91
"1975-05-07",133.8,134.55,133.8,133.8,64
"1975-05-08",133.85,134.5,133.6,134,67
"1975-05-09",134.1,134.6,134.1,134.6,43
"1975-05-10",134.85,134.95,134.35,134.45,41
"1975-05-11",134.65,135.15,134.65,135,110
"1975-05-12",135,135.5,135,135.4,103
"1975-05-13",134.65,135.4,134.65,135.15,70
"1975-05-14",135.15,138,135.15,136.75,325
"1975-05-15",136.7,136.7,135.85,135.85,130
"1975-05-16",135.85,135.85,134.8,135.6,176
"1975-05-17",135,135.75,134.95,135.65,121
"1975-05-18",136.05,136.1,134.75,135.15,159
"1975-05-19",135.45,135.45,134.55,134.95,101
"1975-05-20",134.75,136.55,134.75,135.65,104
"1975-05-21",136.25,136.35,134.95,135.55,228
"1975-05-22",135,135.05,133.75,134.25,114
"1975-05-23",133.95,134.55,133.95,134.3,67
"1975-05-24",134.25,134.95,134.15,134.15,29
"1975-05-25",134.05,134.23,133.65,133.9,89
"1975-05-26",133.9,134.15,133.55,133.75,48
"1975-05-27",134.75,136.05,134.25,135.3,72
"1975-05-28",135.55,136.25,135.25,135.75,83
"1975-05-29",135.95,135.95,135.35,135.35,30
"1975-05-30",135.55,135.75,134.95,135.1,37
"1975-05-31",135.35,135.35,135.15,135.15,33
"1975-06-01",135.25,135.7,134.85,135.25,53
"1975-06-02",135.2,135.45,135.2,135.25,22
"1975-06-03",135.4,135.95,135.4,135.95,133
"1975-06-04",135.75,135.85,135.55,135.55,52
"1975-06-05",135.75,136.05,135.55,135.75,45
"1975-06-06",135.75,135.75,134.25,134.85,62
"1975-06-07",135.85,135.85,134.75,135.05,100
"1975-06-08",134.85,135,134.35,134.65,67
"1975-06-09",134.3,135.25,134.3,134.85,53
"1975-06-10",134.85,135.05,134.65,134.95,61
"1975-06-11",135.25,136.05,135.05,135.65,141
"1975-06-12",135.65,135.65,134.45,135.25,123
"1975-06-13",134.75,135.2,134.05,134.85,108
"1975-06-14",135.25,136.05,135.25,135.55,206
"1975-06-15",135.75,135.75,135.25,135.5,120
"1975-06-16",140.5,140.5,140.5,140.5,51
"1975-06-17",145.5,145.5,145.5,145.5,52
"1975-06-18",150.5,150.5,150.5,150.5,179
"1975-06-19",155.75,156.5,151.25,152.15,365
"1975-06-20",149.45,149.9,147.15,148.35,1711
"1975-06-21",148.45,151.4,148.45,151.25,1045
"1975-06-22",152.25,152.6,151.65,151.7,598
"1975-06-23",150.9,154.6,150.7,154.35,918
"1975-06-24",155.3,156.4,150.9,151.8,1178
